slug;genre;poster;
leave_no_trace;Drama;https://resizing.flixster.com/2yN-8dHeqIS7_yy8-s7K46jlsus=/206x305/v2/https://resizing.flixster.com/qF1V53LvHZfdeJGYQt0E8jsTVg0=/ems.cHJkLWVtcy1hc3NldHMvbW92aWVzLzIyMWNhY2M3LWZjMTItNDdmOS1iYjZjLTM2NmVlNzA4NDc5NC53ZWJw;
hidden_figures;History,Drama;https://resizing.flixster.com/T7J3ek3HgjJV_Id99tu2_kjFQwc=/206x305/v2/https://resizing.flixster.com/-XZAfHZM39UwaGJIFWKAE8fS0ak=/v3/t/assets/p13070002_p_v8_ad.jpg;
free_solo;Documentary;https://resizing.flixster.com/a7Ge1hkNBrPA9G1jvmmwQW-qQQg=/206x305/v2/https://resizing.flixster.com/-XZAfHZM39UwaGJIFWKAE8fS0ak=/v3/t/assets/p15913013_p_v8_aa.jpg;
wonder;Drama;https://resizing.flixster.com/esf6z0wfGJkUGYe7TOROAX4lqgg=/206x305/v2/https://resizing.flixster.com/VdOTamy77ChyDygRGfGR2bPYL8I=/ems.cHJkLWVtcy1hc3NldHMvbW92aWVzLzJkNjNmNWNkLWM2M2EtNDFmYy05NWNhLTYzY2UyYTMyYWFhZi53ZWJw;
hail_caesar_2016;Comedy;https://resizing.flixster.com/nWNrIMnvAig2fgw7Jlw_so-Go5k=/206x305/v2/https://resizing.flixster.com/aCG3rPloDnmklArWl6EO64Fl5FI=/ems.cHJkLWVtcy1hc3NldHMvbW92aWVzLzNiYTYzZjViLWNjOTEtNDU3ZC1iZWFkLWI0MDQzNmE3ODUyZS53ZWJw;
the_other_side_of_hope;Comedy,Drama;https://resizing.flixster.com/SMUMrmbaC3j_tRBWg1hTj9q_E9g=/206x305/v2/https://resizing.flixster.com/gFSJXJa80YmpLCa5Ui1VKpCg2zw=/ems.cHJkLWVtcy1hc3NldHMvbW92aWVzL2I2ZDI1OWM1LTc0MjYtNGI3OC05NmMyLTZkYWM5MTIzNjgzMC53ZWJw;
citizenfour;Documentary;https://resizing.flixster.com/1C6M52YpXp5dmNOUcR2KWIfkra0=/206x305/v2/https://resizing.flixster.com/-XZAfHZM39UwaGJIFWKAE8fS0ak=/v3/t/assets/p11098261_p_v12_ag.jpg;
searching_for_sugar_man;Documentary;https://resizing.flixster.com/FbF9QAejroHY4sMeBWzUnMAjXas=/206x305/v2/https://resizing.flixster.com/-XZAfHZM39UwaGJIFWKAE8fS0ak=/v3/t/assets/p9028544_p_v8_ab.jpg;
three_identical_strangers;Documentary,Biography,Drama,History,Mystery&thriller;https://resizing.flixster.com/VEwe4I0doAaDbLlppujz1t2QSx0=/206x305/v2/https://resizing.flixster.com/-XZAfHZM39UwaGJIFWKAE8fS0ak=/v3/t/assets/p15402597_p_v8_ab.jpg;
the_beatles_eight_days_a_week_the_touring_years;Documentary,Music;https://resizing.flixster.com/HQxHJ5Xdbt9cKERrTdNHwlsNe38=/206x305/v2/https://resizing.flixster.com/-XZAfHZM39UwaGJIFWKAE8fS0ak=/v3/t/assets/p13010652_p_v11_be.jpg;
downton_abbey;Drama;https://resizing.flixster.com/K4a78JgMyxrh7D3B7_wKTnJ8u7Y=/206x305/v2/https://resizing.flixster.com/0N1NaIDPnBl2I50yYW7-I36W26Q=/ems.cHJkLWVtcy1hc3NldHMvbW92aWVzLzU5NzI2OTlhLWZlZmUtNDU5YS1iYzQ1LWYwOGQxNmVhMDYxMS53ZWJw;
the_hundred_foot_journey;Comedy,Drama;https://resizing.flixster.com/HNJsr8NpaALmKKihpH8KrBxhwlg=/206x305/v2/https://resizing.flixster.com/-XZAfHZM39UwaGJIFWKAE8fS0ak=/v3/t/assets/p10479219_p_v8_ai.jpg;
still_alice;Drama;https://resizing.flixster.com/J1xAiZRG4NW28blGThW6ukJldTI=/206x305/v2/https://resizing.flixster.com/-XZAfHZM39UwaGJIFWKAE8fS0ak=/v3/t/NowShowing/142897/142897_aa.jpg;
the_little_death_2014;Romance,Comedy;https://resizing.flixster.com/OWSWpPrJlSgJoSh2zlzuPx74jqY=/206x305/v2/https://resizing.flixster.com/-XZAfHZM39UwaGJIFWKAE8fS0ak=/v3/t/assets/p11108584_p_v8_ac.jpg;
men_and_chicken;Comedy,Drama;https://resizing.flixster.com/kiLq4KtWxd7zfzd2y9pErItpf9M=/206x305/v2/https://resizing.flixster.com/-XZAfHZM39UwaGJIFWKAE8fS0ak=/v3/t/assets/p12137394_p_v8_ac.jpg;
tracks_2013;Drama,Adventure;https://resizing.flixster.com/JYNjem1iRcuuhMscgX9sSPO91wQ=/206x305/v2/https://resizing.flixster.com/-XZAfHZM39UwaGJIFWKAE8fS0ak=/v3/t/assets/p10184659_p_v8_ac.jpg;
trash_2015;Adventure,Comedy,Drama,Mystery&thriller;https://resizing.flixster.com/gD1nVAUyJnY8iIIlXEfKN3fKxI4=/206x305/v2/https://resizing.flixster.com/-XZAfHZM39UwaGJIFWKAE8fS0ak=/v3/t/assets/p10917798_p_v12_ai.jpg;
okja;Adventure,Drama,Fantasy,Mystery&thriller,Sci-fi;https://resizing.flixster.com/94jrkqexoG5hQVaiqI4i0UKHR0w=/206x305/v2/https://resizing.flixster.com/KqXKgmZfhTLOfVC5giBHbQsyYVk=/ems.cHJkLWVtcy1hc3NldHMvbW92aWVzLzdjYWY1MmIzLWViMjQtNDA5My1iOTkwLTliZGE0MmYwNmU1MS53ZWJw;
the_shape_of_water_2017;Fantasy,Romance;https://resizing.flixster.com/M-4CHpkdg8Rb7W_bwuc0aCo2DWE=/206x305/v2/https://resizing.flixster.com/Z8O5265db8YL3wznX4AFRD_oT7k=/ems.cHJkLWVtcy1hc3NldHMvbW92aWVzLzNkMjY1MjQzLTdlMTItNDkxZi1hYTk5LTg5N2I1YWJiNzE3Zi53ZWJw;
the_spy_gone_north;Drama;https://resizing.flixster.com/_fAPokS82myQN-k5P25EC1Q-RK4=/206x305/v2/https://resizing.flixster.com/a1LVDtBS37I-L1GjbY7eODnMePo=/ems.cHJkLWVtcy1hc3NldHMvbW92aWVzLzZiMWQ2ODJiLTRkNGYtNGVhZC1iNTJhLTg2ODc1NDhhYTE3Yi53ZWJw;
parasite_2019;Comedy,Mystery&thriller,Drama;https://resizing.flixster.com/DgA7bEJqWSBJmHBhmIb375_VLxE=/206x305/v2/https://resizing.flixster.com/0nQ2niq2j-E4gdW_kB5H606atmc=/ems.cHJkLWVtcy1hc3NldHMvbW92aWVzLzZlZWEwMmY4LTk1OWUtNGEyOS04ODRmLTA0OWRjMzhlYWZkNi53ZWJw;
lore;Drama,War;https://resizing.flixster.com/5YKyCOSjH5MDBna5tDzO31RR9Ao=/206x305/v2/https://resizing.flixster.com/-XZAfHZM39UwaGJIFWKAE8fS0ak=/v3/t/assets/p9463227_p_v8_aa.jpg;
the_florida_project;Drama;https://resizing.flixster.com/_rb2FVCePxBQwOgaqiy8v9F4ucg=/206x305/v2/https://resizing.flixster.com/-XZAfHZM39UwaGJIFWKAE8fS0ak=/v3/t/assets/p14263302_p_v8_as.jpg;
pain_and_glory;Drama;https://resizing.flixster.com/PIL_8aCxYNT7anH_buYtrN4Me4Y=/206x305/v2/https://resizing.flixster.com/-XZAfHZM39UwaGJIFWKAE8fS0ak=/v3/t/assets/p16949721_p_v8_ah.jpg;
amy_2015;Documentary,Biography,Music;https://resizing.flixster.com/30R3MMkyg9dWpXvqMbPnKctU59Q=/206x305/v2/https://resizing.flixster.com/-XZAfHZM39UwaGJIFWKAE8fS0ak=/v3/t/assets/p11780062_p_v8_ak.jpg;
listen_to_me_marlon;Documentary;https://resizing.flixster.com/Dqh04UuE4Q_TL6YgovH5Cs4ZxYI=/206x305/v2/https://resizing.flixster.com/-XZAfHZM39UwaGJIFWKAE8fS0ak=/v3/t/assets/p11636462_p_v8_au.jpg;
two_days_one_night;Drama;https://resizing.flixster.com/15ClGfn7hGKDslOcPtLpaB4dg5A=/206x305/v2/https://resizing.flixster.com/-XZAfHZM39UwaGJIFWKAE8fS0ak=/v3/t/assets/p10901383_v_v8_aj.jpg;
finding_vivian_maier;Documentary,Biography,Mystery&thriller;https://resizing.flixster.com/lhz2MGrOi-2mkWe9IF0ar25AovA=/206x305/v2/https://resizing.flixster.com/-XZAfHZM39UwaGJIFWKAE8fS0ak=/v3/t/NowShowing/131755/131755_aa.jpg;
the_salt_of_the_earth;Documentary;https://resizing.flixster.com/oLGWUQXbtNhsvlj34S0jbogJyHk=/206x305/v2/https://resizing.flixster.com/-XZAfHZM39UwaGJIFWKAE8fS0ak=/v3/t/assets/p11118634_p_v8_ab.jpg;
the_sapphires_2012;Musical,Comedy,Biography,Drama;https://resizing.flixster.com/DS7oama3bPgooAtbQovyu2PwwLc=/206x305/v2/https://resizing.flixster.com/-XZAfHZM39UwaGJIFWKAE8fS0ak=/v3/t/assets/p9294543_p_v8_ac.jpg;
lucky_2017;Comedy,Drama;https://resizing.flixster.com/4GpiGkf_3qNqKfnRA6XfBQIQHqM=/206x305/v2/https://resizing.flixster.com/nm5h8pYn3E88d46Alz9SPDRxzxU=/ems.cHJkLWVtcy1hc3NldHMvbW92aWVzL2ZkMjFmMDZmLWM5MGYtNDdlNC1hNzIzLTg0ZjNkOGMxNmU4YS53ZWJw;
yesterday_2019;Romance,Comedy,Music;https://resizing.flixster.com/axgZhymBh3YsFk_LUkXOOkfhE7M=/206x305/v2/https://resizing.flixster.com/Xz5YUUdQcujMHxZ_Cfk4l_rNNl8=/ems.cHJkLWVtcy1hc3NldHMvbW92aWVzL2I3MGM4NmU3LWIzMzAtNDFkMi1iNjdmLWRhMDkzYjZmZDQ4MC53ZWJw;
enough_said_2013;Romance,Comedy;https://resizing.flixster.com/ix-WvoDw8c0vRFgOOxweFotQ7cQ=/206x305/v2/https://resizing.flixster.com/-XZAfHZM39UwaGJIFWKAE8fS0ak=/v3/t/assets/p10116059_p_v8_ak.jpg;
beyond_the_lights;Drama,Romance;https://resizing.flixster.com/laLjV4doiJIDt-nLlPOezBc-1Gg=/206x305/v2/https://resizing.flixster.com/-XZAfHZM39UwaGJIFWKAE8fS0ak=/v3/t/assets/p10569813_p_v8_ab.jpg;
sully;Drama,Biography;https://resizing.flixster.com/IzzF0Wbv8Xh7nqjvrhRgzUdGfW8=/206x305/v2/https://resizing.flixster.com/-XZAfHZM39UwaGJIFWKAE8fS0ak=/v3/t/assets/p12465613_p_v8_aa.jpg;
before_midnight_2013;Romance,Drama;https://resizing.flixster.com/a22otzWd7tpi0-r9_UrUFq3CyEo=/206x305/v2/https://resizing.flixster.com/-XZAfHZM39UwaGJIFWKAE8fS0ak=/v3/t/assets/p9720544_p_v8_aj.jpg;
blue_jasmine;Drama;https://resizing.flixster.com/AWj54FXr8ZveAQg1rRyMINviHUM=/206x305/v2/https://resizing.flixster.com/-XZAfHZM39UwaGJIFWKAE8fS0ak=/v3/t/assets/p9759023_p_v12_as.jpg;
nebraska;Drama,Comedy;https://resizing.flixster.com/CqCuWukq-7ahqF3aXGNxpMxoFxI=/206x305/v2/https://resizing.flixster.com/-XZAfHZM39UwaGJIFWKAE8fS0ak=/v3/t/assets/p9991634_p_v8_ac.jpg;
the_personal_history_of_david_copperfield;Comedy,Drama;https://resizing.flixster.com/IaukeyHgyaOq2lseUEZ_PqySgA4=/206x305/v2/https://resizing.flixster.com/IyGB7QwHD0w_6VzAZ8e4qU5MY5w=/ems.cHJkLWVtcy1hc3NldHMvbW92aWVzL2Q2NjI1YTczLTA4MzUtNDlkNy05YzYxLWNmMTY3MjBiYmMwYy53ZWJw;
mediterranea_2015;Drama;https://resizing.flixster.com/vFdatSkDDt0QrQy-K_0-HOoCpFE=/206x305/v2/https://resizing.flixster.com/-XZAfHZM39UwaGJIFWKAE8fS0ak=/v3/t/assets/p12239953_p_v8_aa.jpg;
bajirao_mastani;Romance,History,Drama,Action;https://resizing.flixster.com/Q4Afq8eKP0-gDSZzpj8FL-1LJUs=/206x305/v2/https://resizing.flixster.com/-XZAfHZM39UwaGJIFWKAE8fS0ak=/v3/t/assets/p12393673_p_v8_ao.jpg;
the_prom_2020;Musical,Comedy,Lgbtq+;https://resizing.flixster.com/kC1GzclD9Ura9Wzdtc-xaQaGgtw=/206x305/v2/https://resizing.flixster.com/-XZAfHZM39UwaGJIFWKAE8fS0ak=/v3/t/assets/p18821942_p_v8_aa.jpg;
kahaani_2;Mystery&thriller;https://resizing.flixster.com/7DMTCr3U15N8HR_p9nUjI7j1ly8=/206x305/v2/https://resizing.flixster.com/-XZAfHZM39UwaGJIFWKAE8fS0ak=/v3/t/assets/p13554503_p_v8_aa.jpg;
raazi;Action,Crime,Drama;https://resizing.flixster.com/NU2uwvfCMF12C3782iwM9PeXavE=/206x305/v2/https://resizing.flixster.com/-XZAfHZM39UwaGJIFWKAE8fS0ak=/v3/t/assets/p15470542_p_v8_ag.jpg;
an_inconvenient_sequel_truth_to_power;Documentary;https://resizing.flixster.com/z7nbxDtYiFbV2PZx1nMLh1ons8c=/206x305/v2/https://resizing.flixster.com/KwhH8YOftn73WHFa6nDa5Idq0lY=/ems.cHJkLWVtcy1hc3NldHMvbW92aWVzLzkyOTMwNzllLTAwNWYtNGE5Zi05OWRlLTdhZDY0NTEzYTJkNC53ZWJw;
the_inventor_out_for_blood_in_silicon_valley;Documentary;https://resizing.flixster.com/NQf3A6bWUBrD0AoKSg_CWBhg0cc=/206x305/v2/https://resizing.flixster.com/-XZAfHZM39UwaGJIFWKAE8fS0ak=/v3/t/assets/p16577125_p_v8_aa.jpg;
juggernaut_2018;Crime,Drama;https://resizing.flixster.com/7zwPTHu3f7InDTZgonvjU3FN9Vo=/206x305/v2/https://resizing.flixster.com/-XZAfHZM39UwaGJIFWKAE8fS0ak=/v3/t/assets/p15125778_p_v8_aa.jpg;
the_beguiled;History,Drama;https://resizing.flixster.com/1ikMRK_qP3oiOO8lVHml22SQ_bQ=/206x305/v2/https://resizing.flixster.com/VLH27vUrASKi9nJglr6VObb2xgE=/ems.cHJkLWVtcy1hc3NldHMvbW92aWVzLzYyYTQxOWNjLTg1NWEtNGY4MC1hNTY2LTExZDQwMjlkN2UyNy53ZWJw;
the_square_2017;Comedy;https://resizing.flixster.com/DS3EjMk34WyPJ-uVImdPYfBSTHA=/206x305/v2/https://resizing.flixster.com/-XZAfHZM39UwaGJIFWKAE8fS0ak=/v3/t/assets/p14135906_p_v8_ab.jpg;
the_assassin_2015;Action,Drama;https://resizing.flixster.com/SxmTh42JMwCXZ1kTNsoG1U_IL8A=/206x305/v2/https://resizing.flixster.com/-XZAfHZM39UwaGJIFWKAE8fS0ak=/v3/t/assets/p12052768_p_v8_ap.jpg;
styx_2019;Mystery&thriller,Drama;https://resizing.flixster.com/fuUuMaKaOCokiu2Q95C8IZSgQkE=/206x305/v2/https://resizing.flixster.com/wmaD5nzWF0tkOxGVwzexEc6SLog=/ems.cHJkLWVtcy1hc3NldHMvbW92aWVzLzFmM2IwMTI3LTc5NmItNDU4YS1hNzg5LTA0ZWU0ZmQwMTQ1Yy53ZWJw;
western_2018;Drama;https://resizing.flixster.com/PYrAPLECMMxM6nlDnymw-TKYwM0=/206x305/v2/https://resizing.flixster.com/-XZAfHZM39UwaGJIFWKAE8fS0ak=/v3/t/assets/p14610564_p_v8_aa.jpg;
bad_times_at_the_el_royale;Mystery&thriller,Crime,Drama;https://resizing.flixster.com/qbq7nR-xI9L_PWEQbtWxw7-IxEY=/206x305/v2/https://resizing.flixster.com/WYg7MLgYgZCNBTcFIawoSq8B3SU=/ems.cHJkLWVtcy1hc3NldHMvbW92aWVzL2FmYzIwODAyLWJjODEtNDZmNS1hNTdiLTdiY2Q0NGZhYTUzMy53ZWJw;
booksmart;Comedy,Lgbtq+;https://resizing.flixster.com/VwuhyohySuivzzepr2XAOAwNHP8=/206x305/v2/https://resizing.flixster.com/-XZAfHZM39UwaGJIFWKAE8fS0ak=/v3/t/assets/p16367922_p_v8_aa.jpg;
the_death_of_stalin;Comedy,History,Drama;https://resizing.flixster.com/gXPJ-D-u2zsEwywzwf0Nae1zAFw=/206x305/v2/https://resizing.flixster.com/-XZAfHZM39UwaGJIFWKAE8fS0ak=/v3/t/assets/p14589654_p_v12_ak.jpg;
the_walk_2015;Biography,Drama,Adventure;https://resizing.flixster.com/oK-UO9NbQiMTLlSH0-t-XkmSwWI=/206x305/v2/https://resizing.flixster.com/-XZAfHZM39UwaGJIFWKAE8fS0ak=/v3/t/assets/p11819840_p_v8_ad.jpg;
bad_boys_for_life;Action,Comedy;https://resizing.flixster.com/6gnj6NBzQAq9GBBgP9Hv4NVVlyw=/206x305/v2/https://resizing.flixster.com/4YRa5Vut6ZDw-m8VmGmAx0-ttcU=/ems.cHJkLWVtcy1hc3NldHMvbW92aWVzLzNiMmJmZWMxLWNiMjktNDE0OC05NmRiLTNmZjY4ZTY5OTY0Yi53ZWJw;
denial_2016;Drama;https://resizing.flixster.com/_ZJXFCDgAHtgmIgK5Eddu1b-8qA=/206x305/v2/https://resizing.flixster.com/-XZAfHZM39UwaGJIFWKAE8fS0ak=/v3/t/assets/p12954891_p_v8_ai.jpg;
drishyam_2015;Mystery&thriller;https://resizing.flixster.com/VlcnbWoLnSZdnGg3FE00ojCu5Os=/206x305/v2/https://resizing.flixster.com/-XZAfHZM39UwaGJIFWKAE8fS0ak=/v3/t/assets/p11992916_p_v8_ab.jpg;
kahaani;Mystery&thriller;https://resizing.flixster.com/cdYWMtx1tBH3DZsqAELJy87sJbg=/206x305/v2/https://resizing.flixster.com/-XZAfHZM39UwaGJIFWKAE8fS0ak=/v3/t/assets/p9124174_p_v8_aa.jpg;
custody_2018;Drama,Mystery&thriller;https://resizing.flixster.com/KQLbypc_U6EsuLBbCo1VCOk5e44=/206x305/v2/https://resizing.flixster.com/-XZAfHZM39UwaGJIFWKAE8fS0ak=/v3/t/assets/p15148550_p_v8_ab.jpg;
in_her_name;Drama;https://resizing.flixster.com/xF6Nscsv3u0SiNScgCee5SkzOFg=/206x305/v2/https://resizing.flixster.com/uUv1-31WHnA598oGyCZGNWlSNAM=/ems.cHJkLWVtcy1hc3NldHMvbW92aWVzL2M0MDdiNmNjLWViYWYtNDBjNi04ODQxLTYzNWU5MmU2YThjMi53ZWJw;
shoplifters;Crime,Drama,Adventure;https://resizing.flixster.com/KXKzv32r6x8LCorNI0AzUCoWaFc=/206x305/v2/https://resizing.flixster.com/je2582jaRvOGHOcSVK8TPrautMU=/ems.cHJkLWVtcy1hc3NldHMvbW92aWVzL2FiMjUwYjUyLThiZjMtNDFlZi05MDliLWMxOTc3MTZmYjkzNS53ZWJw;
the_salesman_2017;Drama;https://resizing.flixster.com/-k97rhBnIA3brJo2ZjtXKLxWIcA=/206x305/v2/https://resizing.flixster.com/De84sHK8ydyvo8tvMkLmSemBjW0=/ems.cHJkLWVtcy1hc3NldHMvbW92aWVzLzVjYzRhYmVmLWQwZDEtNGFhZS1iOWEzLTQwNWFmZGM3ZTcyNi53ZWJw;
once_upon_a_time_in_hollywood;Comedy,Drama;https://resizing.flixster.com/keYhnzIxaYwn2scoKWkCr6sZgD0=/206x305/v2/https://resizing.flixster.com/e7LlisXQ8E9sK0bG6ev6LmFxWBs=/ems.cHJkLWVtcy1hc3NldHMvbW92aWVzLzFmOWVhNjA2LTAzZDMtNDQ2Yy1iN2FkLTc4YTgwODIxZDdjOS53ZWJw;
inside_llewyn_davis_2013;Drama,Comedy,Music;https://resizing.flixster.com/DiiyudsAEx9iCCPrFGL6l370PXs=/206x305/v2/https://resizing.flixster.com/0qq0nh6oGn1TzgWpL9ekNDJRXNg=/ems.cHJkLWVtcy1hc3NldHMvbW92aWVzL2E0NDA1MzVkLWIyNTItNDNiOS1iYzIxLTkwNjgxNTNmMTI2Yy5qcGc=;
portrait_of_a_lady_on_fire;History,Drama,Lgbtq+;https://resizing.flixster.com/OfBywZMmoneIHj22LHzJLiieAm4=/206x305/v2/https://resizing.flixster.com/-XZAfHZM39UwaGJIFWKAE8fS0ak=/v3/t/assets/p16966257_p_v8_ac.jpg;
the_second_mother;Drama;https://resizing.flixster.com/ARsx4FeNS14J7CEL5ot1iZ-_dLM=/206x305/v2/https://resizing.flixster.com/-XZAfHZM39UwaGJIFWKAE8fS0ak=/v3/t/assets/p11733020_p_v8_ap.jpg;
the_lunchbox;Drama,Romance;https://resizing.flixster.com/CzZDSdlsrHeaWZpWvd2k3XsGfPs=/206x305/v2/https://resizing.flixster.com/-XZAfHZM39UwaGJIFWKAE8fS0ak=/v3/t/assets/p10193521_p_v8_aa.jpg;
one_night_in_miami;Drama;https://resizing.flixster.com/FpOCRlTyHhk3PlQL-zotP1NgFrc=/206x305/v2/https://resizing.flixster.com/ny51tK1hvdxr3dqePecb_TDHXs8=/ems.cHJkLWVtcy1hc3NldHMvbW92aWVzL2M1NmY4NGFjLWViZGEtNDUwMi1hMjhmLTQ4OWIzZjdhMGM0MS5qcGc=;
the_great_beauty;Comedy,Drama;https://resizing.flixster.com/TpXapVTqULXu02Ol30FrVVFb9Q4=/206x305/v2/https://resizing.flixster.com/-XZAfHZM39UwaGJIFWKAE8fS0ak=/v3/t/assets/p10176133_p_v8_aa.jpg;
dheepan;Drama;https://resizing.flixster.com/7sA2way9B7GbADZ7SKUOTRM0Xyk=/206x305/v2/https://resizing.flixster.com/-XZAfHZM39UwaGJIFWKAE8fS0ak=/v3/t/assets/p12119198_p_v8_au.jpg;
maiden;Documentary;https://resizing.flixster.com/CQdcufNHUaz6ljoCyFVHSlDsv-k=/206x305/v2/https://resizing.flixster.com/7OtxNQzv4wWElIvkOE6uK5meScQ=/ems.cHJkLWVtcy1hc3NldHMvbW92aWVzLzczNzQ3ZjliLWViNDMtNDRjNi1hNjhlLTg4ZTRkMWY3NTI2ZS53ZWJw;
jane;Documentary;https://resizing.flixster.com/Aj_dl_E7TSCfhrbEU75L3iOTOps=/206x305/v2/https://resizing.flixster.com/h0A8Owf_gMVwZcFFS_nH5ZthDv8=/ems.cHJkLWVtcy1hc3NldHMvbW92aWVzL2ZkYmMwMTMxLTQ3NzEtNGU4Yi1hM2M2LTczZDEwNmJiMzVhNS53ZWJw;
minari;Drama;https://resizing.flixster.com/yil3-Wg0s02gsxsP4eUpvci8Gz0=/206x305/v2/https://resizing.flixster.com/E18FO2BbJxaQTHe4xb6lIt59Apo=/ems.cHJkLWVtcy1hc3NldHMvbW92aWVzL2MxZGFjOGZmLWRiMDEtNDdkMi04OTA5LTk3YTU4YmVkZDE0MS5qcGc=;
mustang_2015;Drama;https://resizing.flixster.com/AvdJYQ-p3jBwkHIeXDRHb0OwYdE=/206x305/v2/https://resizing.flixster.com/-XZAfHZM39UwaGJIFWKAE8fS0ak=/v3/t/assets/p11893143_p_v8_ad.jpg;
the_look_of_silence;Documentary;https://resizing.flixster.com/WhtP4IeMd2cRleNpXUNqadbdUQQ=/206x305/v2/https://resizing.flixster.com/-XZAfHZM39UwaGJIFWKAE8fS0ak=/v3/t/assets/p11467444_p_v8_ac.jpg;
mcqueen;Documentary;https://resizing.flixster.com/mEI-rqpz9ThP_jY3E-RgfSkB9No=/206x305/v2/https://resizing.flixster.com/bgQutyTaJ_3zsmt0yeop7HpKN34=/ems.cHJkLWVtcy1hc3NldHMvbW92aWVzLzcwOThhZDYxLWIyMjYtNGVjMS05ZTdiLWFhYzY2ZWQ0ZDk0OS53ZWJw;
wadjda_2013;Drama;https://resizing.flixster.com/AF-LUWRZoNx4vr5NcNdjZJXNACE=/206x305/v2/https://resizing.flixster.com/-XZAfHZM39UwaGJIFWKAE8fS0ak=/v3/t/assets/p9649221_p_v8_aa.jpg;
monsieur_lazhar_2011;Drama;https://resizing.flixster.com/Evyz3g4_n9qseWnxajVarS-RPA8=/206x305/v2/https://resizing.flixster.com/-XZAfHZM39UwaGJIFWKAE8fS0ak=/v3/t/assets/p8833591_p_v8_aa.jpg;
truman_2017;Comedy,Drama;https://resizing.flixster.com/oqQuaOC99F0_rgSMKBa9uzpdtGc=/206x305/v2/https://resizing.flixster.com/-XZAfHZM39UwaGJIFWKAE8fS0ak=/v3/t/assets/p12067326_p_v8_av.jpg;
wild_rose_2019;Comedy,Drama,Music;https://resizing.flixster.com/nhlzbFNAXi8jSSSpD_n_sTPL-64=/206x305/v2/https://resizing.flixster.com/-XZAfHZM39UwaGJIFWKAE8fS0ak=/v3/t/assets/p15980557_p_v8_at.jpg;
queen_of_katwe_2016;Biography,Drama;https://resizing.flixster.com/f5B1CTtxSRzLnre8lHKZe0EbJ3Y=/206x305/v2/https://resizing.flixster.com/-XZAfHZM39UwaGJIFWKAE8fS0ak=/v3/t/assets/p12806084_p_v8_ak.jpg;
heal_the_living;Drama;https://resizing.flixster.com/Oi-539spgCwpwmDhWpSKzcvdpRg=/206x305/v2/https://resizing.flixster.com/-XZAfHZM39UwaGJIFWKAE8fS0ak=/v3/t/assets/p13267799_p_v8_ae.jpg;
menashe;Comedy,Drama;https://resizing.flixster.com/hKm-pyrxYhlScMePGhMrCK4hnqs=/206x305/v2/https://resizing.flixster.com/Uzhewhv3ov_XItwGJzOchaepEDc=/ems.cHJkLWVtcy1hc3NldHMvbW92aWVzLzhiYjQwZmZlLTNhYTktNGJmZC04MzRiLTJjMGFlNDI5OTVlOC53ZWJw;
sink_or_swim_2019;Comedy,Drama;https://resizing.flixster.com/qBOsbHlxbedRMy6GKYwkQjvqcI4=/206x305/v2/https://resizing.flixster.com/-XZAfHZM39UwaGJIFWKAE8fS0ak=/v3/t/assets/p16200283_p_v8_ab.jpg;
venus_2018;Comedy,Drama;https://resizing.flixster.com/xIA6C-3Ie-QBZaVTG_Y-_lqGU8U=/206x305/v2/https://resizing.flixster.com/-XZAfHZM39UwaGJIFWKAE8fS0ak=/v3/t/assets/p15223114_p_v8_aa.jpg;
hunt_for_the_wilderpeople;Comedy,Adventure;https://resizing.flixster.com/6S1OQYFo9lQc619jTaUkGQoJ9-4=/206x305/v2/https://resizing.flixster.com/-XZAfHZM39UwaGJIFWKAE8fS0ak=/v3/t/assets/p12664790_p_v8_ah.jpg;
fighting_with_my_family;Comedy,Drama,Biography;https://resizing.flixster.com/RhcMnbXs6VTx1gkJiTLQGS96CMI=/206x305/v2/https://resizing.flixster.com/-XZAfHZM39UwaGJIFWKAE8fS0ak=/v3/t/assets/p14806404_p_v12_ap.jpg;
quartet_2012;Comedy,Drama;https://resizing.flixster.com/ujSXbypba4isw6WwwQaaMws_N_Y=/206x305/v2/https://resizing.flixster.com/-XZAfHZM39UwaGJIFWKAE8fS0ak=/v3/t/assets/p9447567_p_v12_ap.jpg;
big_eyes;Biography,Drama;https://resizing.flixster.com/w1OBvJcU1HRMQ6EgPqDoxqH538A=/206x305/v2/https://resizing.flixster.com/-XZAfHZM39UwaGJIFWKAE8fS0ak=/v3/t/assets/p10771227_p_v8_av.jpg;
trumbo;Biography,History,Drama;https://resizing.flixster.com/vDLskF08xX7h-8E-mwF3Xks25uU=/206x305/v2/https://resizing.flixster.com/-XZAfHZM39UwaGJIFWKAE8fS0ak=/v3/t/assets/p12070637_p_v8_ab.jpg;
the_wife_2018;Drama;https://resizing.flixster.com/L09t_zf8duue1tVzXuH0Zh-tq1M=/206x305/v2/https://resizing.flixster.com/-XZAfHZM39UwaGJIFWKAE8fS0ak=/v3/t/assets/p15244710_p_v8_aa.jpg;
selma;History,Drama;https://resizing.flixster.com/X5qLyQtzrY4VTdt1Qj6S6qDrJ0I=/206x305/v2/https://resizing.flixster.com/Lk4Rbo-fk3X7QMms30fcwVyFAFg=/ems.cHJkLWVtcy1hc3NldHMvbW92aWVzL2I4YWYyNTM4LTlkZTAtNDA0NS05OTRhLWFmYWNlZGQ1Y2RiYS53ZWJw;
amour_2013;Drama;https://resizing.flixster.com/4cyrbwv19cjmClm-3xzqRx-hcN0=/206x305/v2/https://resizing.flixster.com/-XZAfHZM39UwaGJIFWKAE8fS0ak=/v3/t/assets/p9286157_p_v8_ai.jpg;
begin_again_2013;Comedy,Drama,Romance,Music;https://resizing.flixster.com/lYs6Qd89ryuTqs5CZe_gEdDzkDg=/206x305/v2/https://resizing.flixster.com/-XZAfHZM39UwaGJIFWKAE8fS0ak=/v3/t/assets/p10542968_p_v12_az.jpg;
the_big_sick;Romance,Comedy;https://resizing.flixster.com/BZche8TXcbPSZ25JXOYx_QTmZwc=/206x305/v2/https://resizing.flixster.com/-XZAfHZM39UwaGJIFWKAE8fS0ak=/v3/t/NowShowing/171221/171221_aa.jpg;
august_osage_county;Comedy,Drama;https://resizing.flixster.com/lEyNuiLpBVKfidC9CBLKO7Sunq4=/206x305/v2/https://resizing.flixster.com/-XZAfHZM39UwaGJIFWKAE8fS0ak=/v3/t/assets/p9991418_p_v12_au.jpg;
captain_fantastic;Comedy,Drama;https://resizing.flixster.com/9r9gpZWeBM2mejb58rQ3b8WvU3Y=/206x305/v2/https://resizing.flixster.com/-XZAfHZM39UwaGJIFWKAE8fS0ak=/v3/t/assets/p12433041_p_v8_ac.jpg;
the_edge_of_seventeen;Comedy,Drama;https://resizing.flixster.com/5Wpu6h8hr1cRQPGA7tnayGZEajE=/206x305/v2/https://resizing.flixster.com/_N9PxGoqRHFpW4JHLX2UeOmli4c=/ems.cHJkLWVtcy1hc3NldHMvbW92aWVzLzlmNWNiMjhjLTY4Y2ItNDA1MC04YzhkLTE5MDlkZDI2OGMzYi53ZWJw;
bombshell_2019;Drama;https://resizing.flixster.com/o5VfxRQbmVnqrrUjpkW9wTq8Wkc=/206x305/v2/https://resizing.flixster.com/COvf8Tj2dbisS9OiRYVYJcdRHd0=/ems.cHJkLWVtcy1hc3NldHMvbW92aWVzL2NhNjUwMzM4LWRmM2YtNDkyMS05M2I1LWY4OWM2MDRhOTQwZi53ZWJw;
things_to_come_2016;Drama;https://resizing.flixster.com/DSfi4dzDSTo66LuRNzXdtU8QEGg=/206x305/v2/https://resizing.flixster.com/-XZAfHZM39UwaGJIFWKAE8fS0ak=/v3/t/assets/p12769075_p_v8_at.jpg;
busters_mal_heart;Mystery&thriller,Drama;https://resizing.flixster.com/esaC3A84ewC6kS9OYnovfoKEfnI=/206x305/v2/https://resizing.flixster.com/bKep8uXiXUCVTWU62mq7J8TREu4=/ems.cHJkLWVtcy1hc3NldHMvbW92aWVzLzU2ZGJjYTc2LTZlMTktNDM3OC05YmM5LWRjYjUzOWU1ZjZlMy53ZWJw;
tevar;Action,Drama,Mystery&thriller;https://resizing.flixster.com/O6ykqUH3Pe_dUhj0N1CSAWOliyo=/206x305/v2/https://resizing.flixster.com/-XZAfHZM39UwaGJIFWKAE8fS0ak=/v3/t/assets/p11359109_p_v8_ac.jpg;
kaala;Crime,Drama,Action;https://resizing.flixster.com/GMdSAibzvsslAwcF8QF0hT9nFAo=/206x305/v2/https://resizing.flixster.com/-XZAfHZM39UwaGJIFWKAE8fS0ak=/v3/t/assets/p15570992_p_v8_aa.jpg;
who_we_are_now;Drama;https://resizing.flixster.com/Ro1nXzlGtYZ2s3aa8jUqPFFTPMA=/206x305/v2/https://resizing.flixster.com/Bwy8sYJMaBOdVpe0c2XGlNvF_VE=/ems.cHJkLWVtcy1hc3NldHMvbW92aWVzLzU3YTNhN2ZiLTZjY2UtNGMyOS1hZjMxLThmZTIzNzJjMTY2Mi53ZWJw;
bottom_of_the_9th_2019;Drama;https://resizing.flixster.com/obZJOFpL9Pvb9Z4IUf4AZhk7m5I=/206x305/v2/https://resizing.flixster.com/-XZAfHZM39UwaGJIFWKAE8fS0ak=/v3/t/assets/p16946066_v_v8_aa.jpg;
saala_khadoos;Drama;https://resizing.flixster.com/3-PEXsjXdTzxlWoJXbmQWR_Eag8=/206x305/v2/https://resizing.flixster.com/-XZAfHZM39UwaGJIFWKAE8fS0ak=/v3/t/assets/p12555185_p_v8_ab.jpg;
we_are_boats;Fantasy,Drama;https://resizing.flixster.com/oKMaUva4G8lrA5O41qxEqXldO3o=/206x305/v2/https://resizing.flixster.com/-XZAfHZM39UwaGJIFWKAE8fS0ak=/v3/t/assets/p16519979_p_v8_ac.jpg;
fatima_2016;Drama;https://resizing.flixster.com/L-zaDhTY6VOHR7Rr6TjI80a7TYs=/206x305/v2/https://resizing.flixster.com/9hmzccH73pB4iIH9-AYTDHX5dAI=/ems.cHJkLWVtcy1hc3NldHMvbW92aWVzL2VhYWVkM2RiLWJmZTgtNDI3Mi1hN2NlLWU3MDk0ZTBiMWU4ZS53ZWJw;
breakthrough_2019;Drama;https://resizing.flixster.com/jiE9g921CByfevRnDIZmiLhd5tM=/206x305/v2/https://resizing.flixster.com/Cq08OtUWZTcnnGTUfY5bn_cvyAo=/ems.cHJkLWVtcy1hc3NldHMvbW92aWVzLzc3YmYwNjQzLTEzYzYtNDYyZC1iOTZlLTkzMjMzZjQ4ZGE1MS53ZWJw;
wonderstruck;Drama,Adventure;https://resizing.flixster.com/jZ8IIGMz8XdKjRokh8k9m_Wl3tg=/206x305/v2/https://resizing.flixster.com/-XZAfHZM39UwaGJIFWKAE8fS0ak=/v3/t/NowShowing/173827/173827_aa.jpg;
dedh_ishqiya;Comedy,Mystery&thriller;https://resizing.flixster.com/kD0yhQY4J2fJ5aZmRtUvtfvwNFU=/206x305/v2/https://resizing.flixster.com/-XZAfHZM39UwaGJIFWKAE8fS0ak=/v3/t/assets/p10460029_p_v10_aa.jpg;
national_bird;Documentary;https://resizing.flixster.com/Hmb7FNne5jV6SRSj8R3EPeBZOCM=/206x305/v2/https://resizing.flixster.com/-XZAfHZM39UwaGJIFWKAE8fS0ak=/v3/t/assets/p13038830_p_v8_aa.jpg;
talaash;Mystery&thriller;https://resizing.flixster.com/mv5wGRH7LxkHInf-RjV0wEk3LYs=/206x305/v2/https://resizing.flixster.com/-XZAfHZM39UwaGJIFWKAE8fS0ak=/v3/t/assets/p9549537_p_v8_ab.jpg;
drishyam_2013;Drama,Mystery&thriller;https://resizing.flixster.com/rOjUPseexRiDDJxaCy2i-PKMLMs=/206x305/v2/https://resizing.flixster.com/BlqqNT-QTW7UF26TCWlWoJDVeUw=/ems.cHJkLWVtcy1hc3NldHMvbW92aWVzLzQ0NDJkOWE2LTY3OTQtNGI3OS1hOGZmLTU3ZDNkMTQxMmVkOC53ZWJw;
20_feet_from_stardom;Documentary;https://resizing.flixster.com/Nuo0CslCsAiWclh7GdCeE5XRIio=/206x305/v2/https://resizing.flixster.com/-XZAfHZM39UwaGJIFWKAE8fS0ak=/v3/t/assets/p9728103_p_v8_ac.jpg;
marley;Documentary,Music;https://resizing.flixster.com/2tKNe_oOb31JyIEUN8d5MUdRK6U=/206x305/v2/https://resizing.flixster.com/-XZAfHZM39UwaGJIFWKAE8fS0ak=/v3/t/assets/p9080803_p_v8_ad.jpg;
duck_you_sucker;Western;https://resizing.flixster.com/5r43nUuCqmg1L9ODx0lalJczM00=/206x305/v2/https://resizing.flixster.com/-XZAfHZM39UwaGJIFWKAE8fS0ak=/v3/t/assets/p1249_p_v10_ad.jpg;
kon_tiki_2012;Adventure,Drama;https://resizing.flixster.com/bQQA53nRjK1VqzM4235oM2fZmkw=/206x305/v2/https://resizing.flixster.com/-XZAfHZM39UwaGJIFWKAE8fS0ak=/v3/t/assets/p9649440_p_v8_af.jpg;
page_eight_2011;Drama;https://resizing.flixster.com/7BOpq75UQur1O-Ojx9Wf3ZzupR4=/206x305/v2/https://resizing.flixster.com/-XZAfHZM39UwaGJIFWKAE8fS0ak=/v3/t/assets/p8729855_p_v8_aa.jpg;
i_am_greta;Documentary;https://resizing.flixster.com/tLscQf4LsCS7yYCmtZLmOv9HFuc=/206x305/v2/https://resizing.flixster.com/-XZAfHZM39UwaGJIFWKAE8fS0ak=/v3/t/assets/p18658473_p_v8_ab.jpg;
king_lear_2018;Drama;https://resizing.flixster.com/MoUAsrEGFHHHAt5rA6jAphnmZl4=/206x305/v2/https://resizing.flixster.com/-XZAfHZM39UwaGJIFWKAE8fS0ak=/v3/t/assets/p15363265_p_v8_aa.jpg;
1009211-hard_times;Drama;https://resizing.flixster.com/kzkcVW34WusksAAhsfeIpaNOKps=/206x305/v2/https://resizing.flixster.com/-XZAfHZM39UwaGJIFWKAE8fS0ak=/v3/t/assets/p3834_p_v8_aa.jpg;
veteran_2015;Action,Comedy,Crime,Drama;https://resizing.flixster.com/JDasNXnb6RdYTN69WBvJHGd9E-Q=/206x305/v2/https://resizing.flixster.com/-XZAfHZM39UwaGJIFWKAE8fS0ak=/v3/t/assets/p11920805_p_v8_af.jpg;
making_a_killing_2018;Crime,Drama,Mystery&thriller;https://resizing.flixster.com/CkAm44Zwu9dDwpa_UVBGQYv0KmQ=/206x305/v2/https://resizing.flixster.com/-XZAfHZM39UwaGJIFWKAE8fS0ak=/v3/t/assets/p15439347_p_v8_aa.jpg;
krrish_3;Sci-fi;https://resizing.flixster.com/JGTLER6z-aktZwNrsFNj_A5AWaw=/206x305/v2/https://resizing.flixster.com/-XZAfHZM39UwaGJIFWKAE8fS0ak=/v3/t/assets/p10294691_p_v8_ac.jpg;
the_grandmaster;Biography,Drama;https://resizing.flixster.com/OTa81aY0Sa5NNLdycX8k_PS8Wvk=/206x305/v2/https://resizing.flixster.com/-XZAfHZM39UwaGJIFWKAE8fS0ak=/v3/t/assets/p9913789_p_v8_ab.jpg;
bernie_2011;Comedy,Crime,Drama;https://resizing.flixster.com/CBkav3vKp_WUCx0HtJXorlWLLRE=/206x305/v2/https://resizing.flixster.com/-XZAfHZM39UwaGJIFWKAE8fS0ak=/v3/t/assets/p8987422_p_v8_ah.jpg;
frank_and_lola;Mystery&thriller,Romance,Drama;https://resizing.flixster.com/X2nxS0VxFreh-nhgiqQdlyKw7HE=/206x305/v2/https://resizing.flixster.com/-XZAfHZM39UwaGJIFWKAE8fS0ak=/v3/t/assets/p13416739_p_v8_ab.jpg;
the_armstrong_lie_2013;Documentary;https://resizing.flixster.com/hK74HI9V15bhiiK7FNJLPxCI9QI=/206x305/v2/https://resizing.flixster.com/-XZAfHZM39UwaGJIFWKAE8fS0ak=/v3/t/assets/p10171452_p_v8_aa.jpg;
american_animals;Crime,Drama,Mystery&thriller;https://resizing.flixster.com/K9vqB7cwZiteHmI6_iRFUIC-bK4=/206x305/v2/https://resizing.flixster.com/-XZAfHZM39UwaGJIFWKAE8fS0ak=/v3/t/assets/p15132757_p_v8_ac.jpg;
everybody_knows;Mystery&thriller,Crime,Drama;https://resizing.flixster.com/VthAb1JKyXa3pMv4Z8blLp8ScBo=/206x305/v2/https://resizing.flixster.com/-XZAfHZM39UwaGJIFWKAE8fS0ak=/v3/t/NowShowing/190493/190493_aa.jpg;
clemency_2019;Drama;https://resizing.flixster.com/JJz8plXu8NnI_kmxW6W7pEDNiho=/206x305/v2/https://resizing.flixster.com/IhAhT1PPCFOOfjU60A44xhD3PhM=/ems.cHJkLWVtcy1hc3NldHMvbW92aWVzL2NhMDdmN2U5LTUxNDktNDAzNy1hNDNhLTM3ZmE3ZGE1N2MzMi53ZWJw;
escape_from_pretoria;Mystery&thriller,Drama;https://resizing.flixster.com/9AynK4NSiYI0b_skXiWZGngE9C4=/206x305/v2/https://resizing.flixster.com/2NohL64sYg_iezyCmA8xmG9OY8A=/ems.cHJkLWVtcy1hc3NldHMvbW92aWVzL2JiOThlZWYxLWM3OTEtNDZlYi1hZjI5LTZmNTFmOGI5NzgyMi53ZWJw;
inherent_vice;Comedy,Mystery&thriller;https://resizing.flixster.com/fpIbToUVv-JLxMOH785rKafexyw=/206x305/v2/https://resizing.flixster.com/-XZAfHZM39UwaGJIFWKAE8fS0ak=/v3/t/assets/p10598078_p_v8_bb.jpg;
mimosas_2017;Drama;https://resizing.flixster.com/T1vm6CiSMihGthD2BhbYdxUIqP0=/206x305/v2/https://resizing.flixster.com/qwBJOnP0piVORhNAafc1Gh27JqU=/ems.cHJkLWVtcy1hc3NldHMvbW92aWVzLzIyOWI2Zjc4LTQ1M2EtNDZkNC05ZTQwLTdiYTcwMGVkZWRkZC53ZWJw;
pink_2016;Drama,Mystery&thriller;https://resizing.flixster.com/MVqoNL50bLkqG4R_i9LVq79ywsE=/206x305/v2/https://resizing.flixster.com/-XZAfHZM39UwaGJIFWKAE8fS0ak=/v3/t/assets/p13283155_p_v8_aa.jpg;
special_26;Crime,Drama,Mystery&thriller;https://resizing.flixster.com/UiasKjPxbRmC8dGo_9In6ONffRc=/206x305/v2/https://resizing.flixster.com/-XZAfHZM39UwaGJIFWKAE8fS0ak=/v3/t/assets/p9735214_p_v8_aa.jpg;
toni_erdmann;Comedy,Drama;https://resizing.flixster.com/ANsZtsrcGM0r1-jMUsHnnRTpHLY=/206x305/v2/https://resizing.flixster.com/pYKMRjNjKKBJ4Ukgkz_vLLUXwcE=/ems.cHJkLWVtcy1hc3NldHMvbW92aWVzL2RiY2QwM2ZjLWZhNDktNDNjNy1iNTFkLWUxOTM3ZDFhN2ZmMC53ZWJw;
skin_2019;Biography,Drama;https://resizing.flixster.com/1YZl3buGr5XTeeqP8MShih3tK-s=/206x305/v2/https://resizing.flixster.com/CCKS9MOj_c2YMzEIhGnXuX1ywHY=/ems.cHJkLWVtcy1hc3NldHMvbW92aWVzL2M1MDBiYmRiLTA4ZDYtNDczMS1hMTU4LWE1NDA2MjczZDllZS53ZWJw;
the_lighthouse_2019;Mystery&thriller,Drama;https://resizing.flixster.com/OzFFNjCnWHpwMULoFjjasRr45vg=/206x305/v2/https://resizing.flixster.com/1Hhkjt6FrM4tNPBlAf-0lS3ksjM=/ems.cHJkLWVtcy1hc3NldHMvbW92aWVzL2Y5NjdiNWQxLTExZjEtNGMyNS1iZDY3LTg0ZjIzMGRjZjY2Ny53ZWJw;
the_sisters_brothers;Western,Mystery&thriller;https://resizing.flixster.com/sWmwTWkgZ0ulN8ePRPIHk9EOCgk=/206x305/v2/https://resizing.flixster.com/vy2eOKLViLkfndelNNOBmFLA97o=/ems.cHJkLWVtcy1hc3NldHMvbW92aWVzLzkwNjc1Mjg5LTAyMWMtNDkzMi04MGQ0LTQ5YmIwNGU4YmRmMi53ZWJw;
beasts_of_the_southern_wild;Drama,Adventure,Fantasy;https://resizing.flixster.com/5e9ycs3qcI62HqxHLBeMjivSatQ=/206x305/v2/https://resizing.flixster.com/-XZAfHZM39UwaGJIFWKAE8fS0ak=/v3/t/assets/p9026955_p_v8_ap.jpg;
birds_of_prey_2020;Action,Comedy;https://resizing.flixster.com/iBldx4IKGzq7Bz6XpSMV5Xm9dbI=/206x305/v2/https://resizing.flixster.com/-XZAfHZM39UwaGJIFWKAE8fS0ak=/v3/t/assets/p16310223_p_v8_aa.jpg;
the_aeronauts;Adventure,Drama;https://resizing.flixster.com/7YLA6QElulHd-M_cSxenJiwOYoU=/206x305/v2/https://resizing.flixster.com/nnIRJkn9WhjC_3tCjQ0g95E0RJY=/ems.cHJkLWVtcy1hc3NldHMvbW92aWVzLzFlM2I4YjJlLTgyZDQtNDc0Ny1iYTAzLWMzYTBiMjEzMDliNS53ZWJw;
the_call_of_the_wild_2020;Adventure,Drama;https://resizing.flixster.com/45l8ZccQmbbJS72Gfq1-CT7O2cU=/206x305/v2/https://resizing.flixster.com/Cw-bDaQJgg8-idsHBKLPWJoOaIA=/ems.cHJkLWVtcy1hc3NldHMvbW92aWVzLzlkOTRiZTg5LWUyZDYtNGVhNC04MGZiLWY3MmQxNTJiZjA5OC53ZWJw;
searching_2018;Mystery&thriller;https://resizing.flixster.com/8EEl6DiXoLUl8-BIhUWX8TvPoTE=/206x305/v2/https://resizing.flixster.com/Tn0kINMYZaceU06DjGh5vCsEjYg=/ems.cHJkLWVtcy1hc3NldHMvbW92aWVzL2I0YzcxZDBjLWMxYTEtNDNkNy1hZWVjLWU2ODc1NjNiODdmOC5qcGc=;
the_nice_guys;Action,Comedy,Mystery&thriller;https://resizing.flixster.com/r2M8ibbiknKWyx0nz_bxftg7eFk=/206x305/v2/https://resizing.flixster.com/-XZAfHZM39UwaGJIFWKAE8fS0ak=/v3/t/assets/p12356386_p_v8_ae.jpg;
straight_outta_compton;Biography,Drama,Music;https://resizing.flixster.com/CC4LpiLS5t8ZlStlNl-hCJTzwWw=/206x305/v2/https://resizing.flixster.com/-XZAfHZM39UwaGJIFWKAE8fS0ak=/v3/t/assets/p11657883_p_v7_aq.jpg;
love_and_mercy;Biography,Drama;https://resizing.flixster.com/SmGX4vFuxjgMSgq8FQ8mE3CRBWY=/206x305/v2/https://resizing.flixster.com/-XZAfHZM39UwaGJIFWKAE8fS0ak=/v3/t/assets/p11068999_p_v8_ab.jpg;
hitchcock;History,Drama,Biography;https://resizing.flixster.com/CJuH5d3xUd-o7WT6NWKlCswwlcI=/206x305/v2/https://resizing.flixster.com/-XZAfHZM39UwaGJIFWKAE8fS0ak=/v3/t/assets/p9488191_p_v12_ap.jpg;
the_zookeepers_wife_2017;History,Drama,Biography;https://resizing.flixster.com/skV_JYr6kKgDiGcdYZbHRCC50ek=/206x305/v2/https://resizing.flixster.com/-XZAfHZM39UwaGJIFWKAE8fS0ak=/v3/t/assets/p13010059_p_v8_ab.jpg;
downsizing;Comedy,Drama,Sci-fi,Fantasy;https://resizing.flixster.com/Z1VFiOCKmtTnpaF1xpjv770Yhe4=/206x305/v2/https://resizing.flixster.com/M2oJAZpNF55WTowKCUlfRgUAdlw=/ems.cHJkLWVtcy1hc3NldHMvbW92aWVzLzMxOGQyOThiLTExYjItNDQ3Zi05MzEwLWUyZjdlYjQ1Y2FjOS53ZWJw;
ixcanul;Drama;https://resizing.flixster.com/oJbp28yGxgK3vitn5254X7rI_OU=/206x305/v2/https://resizing.flixster.com/-XZAfHZM39UwaGJIFWKAE8fS0ak=/v3/t/assets/p12147135_p_v8_ab.jpg;
bombshell_the_hedy_lamarr_story;Documentary;https://resizing.flixster.com/NzEUl2cQ7yRwl4oyFADZpPQwSa4=/206x305/v2/https://resizing.flixster.com/-XZAfHZM39UwaGJIFWKAE8fS0ak=/v3/t/assets/p14433119_p_v13_ae.jpg;
mcfarland_usa;Drama,Biography;https://resizing.flixster.com/tmYwh95KJwBLCHgkoBWvIO739Qo=/206x305/v2/https://resizing.flixster.com/-XZAfHZM39UwaGJIFWKAE8fS0ak=/v3/t/assets/p10569247_p_v8_aa.jpg;
in_the_last_days_of_the_city;Drama;https://resizing.flixster.com/G2MZ3a9iIaDxTw6dHODv5dAnJ84=/206x305/v2/https://resizing.flixster.com/K5DYNT3_NTIqINALBRXr37waSPE=/ems.cHJkLWVtcy1hc3NldHMvbW92aWVzLzFlNDk3ZWMzLThkNDUtNGQwZS05ZDQyLWQ0YWYyMjU5ZDZlZi53ZWJw;
te_ata;Biography,History,Drama;https://resizing.flixster.com/tFhnQ_-B8zMKW7ixLFs0Cg01vuk=/206x305/v2/https://resizing.flixster.com/-XZAfHZM39UwaGJIFWKAE8fS0ak=/v3/t/assets/p13409872_p_v8_ad.jpg;
blue_is_the_warmest_color;Drama,Romance,Lgbtq+;https://resizing.flixster.com/wsfIaNgtRcya-b6uUDDfGiavens=/206x305/v2/https://resizing.flixster.com/-XZAfHZM39UwaGJIFWKAE8fS0ak=/v3/t/assets/p10102199_p_v8_aa.jpg;
richard_jewell;Drama;https://resizing.flixster.com/cgbtD6XvYnt9i-BuHCEy6OrIOIA=/206x305/v2/https://resizing.flixster.com/8IL-iSYwSc8OVxYKMRydoy1vQ9I=/ems.cHJkLWVtcy1hc3NldHMvbW92aWVzLzAyYzdkNDQ0LWMzNzEtNDk3NS1hMDFjLWQ4MGQ3N2QxZjkxZS53ZWJw;
cold_war_2018;Romance,Drama;https://resizing.flixster.com/9f90yIfMNzfKHV1siwq2y9h3ue4=/206x305/v2/https://resizing.flixster.com/-XZAfHZM39UwaGJIFWKAE8fS0ak=/v3/t/NowShowing/187288/187288_aa.jpg;
american_honey;Comedy,Drama;https://resizing.flixster.com/86NZ8Q7yxrveVJIIM5juiurMQ_w=/206x305/v2/https://resizing.flixster.com/-XZAfHZM39UwaGJIFWKAE8fS0ak=/v3/t/assets/p13012003_p_v8_ab.jpg;
victoria_2015;Mystery&thriller,Crime,Drama;https://resizing.flixster.com/v2fTK_sVpKXtC3pfQSa24gD3f5Y=/206x305/v2/https://resizing.flixster.com/-XZAfHZM39UwaGJIFWKAE8fS0ak=/v3/t/assets/p11988714_p_v8_ac.jpg;
grandma_2015;Comedy,Drama;https://resizing.flixster.com/KBs8oob-e0Hrrc8PdgdvQjmW7V4=/206x305/v2/https://resizing.flixster.com/-XZAfHZM39UwaGJIFWKAE8fS0ak=/v3/t/assets/p11465115_p_v8_ab.jpg;
o_som_ao_redor_2012;Drama,Mystery&thriller;https://resizing.flixster.com/S-Kw3fT5JbxacOZiBOytMLBPvJo=/206x305/v2/https://resizing.flixster.com/-XZAfHZM39UwaGJIFWKAE8fS0ak=/v3/t/assets/p9161118_p_v8_ae.jpg;
wild_tales;Comedy,Drama;https://resizing.flixster.com/cfWfpWe-QFUpfEWOIgVmxNCCR7E=/206x305/v2/https://resizing.flixster.com/-XZAfHZM39UwaGJIFWKAE8fS0ak=/v3/t/assets/p11003118_p_v8_ac.jpg;
i_tonya;Biography,Comedy,Drama;https://resizing.flixster.com/xjuq-JCMwbmY9BsKjKHGmotCMeQ=/206x305/v2/https://resizing.flixster.com/pnoG2si87mmO1ZxD5kOzssYcMlU=/ems.cHJkLWVtcy1hc3NldHMvbW92aWVzL2U2ODY3M2QxLTg1YTktNDc4ZS1hNDZlLWY0MWNiNjAxYTUyMi53ZWJw;
after_the_storm_2017;Drama;https://resizing.flixster.com/o9Qe8eiFSOXWGj_rsH5xtrX4ehU=/206x305/v2/https://resizing.flixster.com/KyDRcKY4htvQiebmnFZN_705sZE=/ems.cHJkLWVtcy1hc3NldHMvbW92aWVzL2VjYTdiNDA3LTEwZjctNGZjZS04OGFhLTEzYzQwMTI0NzMzMy53ZWJw;
overcomer;Drama;https://resizing.flixster.com/N-pS0dBy3Tw1bG2ZXn1bj5Ajh_o=/206x305/v2/https://resizing.flixster.com/z8m0VTsD4se2Agl-vox1vqvzSQ4=/ems.cHJkLWVtcy1hc3NldHMvbW92aWVzL2ZlMDRiODcyLTI5ODctNDQzMy05OGQxLTcwZmQxNmE5OWY2My53ZWJw;
paterson;Drama;https://resizing.flixster.com/JwAX_J1LDMEnaYUiKkE-BaWj0QI=/206x305/v2/https://resizing.flixster.com/ZXWoU0hT5_jxeGbBv0jpkeKeHLw=/ems.cHJkLWVtcy1hc3NldHMvbW92aWVzLzEzYWY5ZDhkLTRhY2YtNGZhOS04ZDlmLTkyM2YzODU2MDFiNy53ZWJw;
judas_and_the_black_messiah;History,Drama,Biography;https://resizing.flixster.com/Pbx_d8Cvd-Iea5PCr6K5NEqakJ0=/206x305/v2/https://resizing.flixster.com/fkrnnYL6c2XpoT2bYabLpeIkB0U=/ems.cHJkLWVtcy1hc3NldHMvbW92aWVzLzllOWJlOTk0LTExMjktNDU0MC04MmNlLTg1ZTlkNjc0N2ViZC5qcGc=;
dolemite_is_my_name;Biography,Comedy,Drama;https://resizing.flixster.com/r2_bgt54qBv-B1Yzw8ZWWr0bnMk=/206x305/v2/https://resizing.flixster.com/v46-69863n-IXmjpCQlnn_VPPfc=/ems.cHJkLWVtcy1hc3NldHMvbW92aWVzLzIzNWM0ZmU2LTQ0ZjktNGUxNy1hZjE4LTU0OGRmZDcwNTk1Zi53ZWJw;
20000_days_on_earth;Drama;https://resizing.flixster.com/SyeSWSYFoJ_2rFbcgqDCNEleMXk=/206x305/v2/https://resizing.flixster.com/-XZAfHZM39UwaGJIFWKAE8fS0ak=/v3/t/assets/p10660389_p_v8_ak.jpg;
gods_own_country_2017;Drama,Romance,Lgbtq+;https://resizing.flixster.com/S4iqfgUGmMul-vwKLHSCvu2KhJk=/206x305/v2/https://resizing.flixster.com/PkDIqNH4DMixZbBHdlxa9ZkYdEI=/ems.cHJkLWVtcy1hc3NldHMvbW92aWVzLzYxYzRmZGFjLTA3ZjktNDg4NS04YjI1LWI2NGJiNWIzZTAyOC53ZWJw;
we_are_the_best;Drama;https://resizing.flixster.com/rwmPzYjQQiiFS-Byf11TdApg0TA=/206x305/v2/https://resizing.flixster.com/-XZAfHZM39UwaGJIFWKAE8fS0ak=/v3/t/assets/p10356147_p_v8_ae.jpg;
a_fantastic_woman;Drama,Lgbtq+;https://resizing.flixster.com/x42hZM6Wr-CZvf5Ib4EZG7CKVms=/206x305/v2/https://resizing.flixster.com/-XZAfHZM39UwaGJIFWKAE8fS0ak=/v3/t/NowShowing/177573/177573_aa.jpg;
undefeated_2012;Documentary;https://resizing.flixster.com/tw2n_YX5PR2OT3w4hW9dSNeubnw=/206x305/v2/https://resizing.flixster.com/-XZAfHZM39UwaGJIFWKAE8fS0ak=/v3/t/assets/p8830065_p_v8_aa.jpg;
13th;Documentary;https://resizing.flixster.com/AyX9XVFktv37R7RLHtWs-kL1HKc=/206x305/v2/https://resizing.flixster.com/oGngwDUMQJMRQpSJ5m7fC6nF8mA=/ems.cHJkLWVtcy1hc3NldHMvbW92aWVzLzUyYTJiMjg5LTg5NzctNGNjMC04OWViLWE0MTVmYTdhYTVkOS53ZWJw;
the_wind_rises;History,Drama,Biography,Anime;https://resizing.flixster.com/BIv63SDuyUSkjO315qdfrFwb1CQ=/206x305/v2/https://resizing.flixster.com/rdaE-2g8ozNdGIwG8-zcgtRClsk=/ems.cHJkLWVtcy1hc3NldHMvbW92aWVzL2Y2ZWFiZTkzLTIzOGUtNGIwNC1iNGZmLWNjMGE1NGUwYzcwZS5qcGc=;
the_gatekeepers_2012;Documentary;https://resizing.flixster.com/ozDigDN43psRmBYRJ75-nYOXqgo=/206x305/v2/https://resizing.flixster.com/-XZAfHZM39UwaGJIFWKAE8fS0ak=/v3/t/assets/p9402654_p_v8_ar.jpg;
official_secrets;Drama,Mystery&thriller;https://resizing.flixster.com/Dnt-BaeL0Y4ToNSD8eIybRwUShk=/206x305/v2/https://resizing.flixster.com/Jbh7EwodVGbPBVk938HHWQGeSTQ=/ems.cHJkLWVtcy1hc3NldHMvbW92aWVzLzViNzU3MTEwLWJjODgtNDg4MS1hYjk5LWUyYmM3ZjUzMzkxNi53ZWJw;
burning_2018;Mystery&thriller,Drama;https://resizing.flixster.com/k8hM9esTGT-MDuHWHiekQwVNLUQ=/206x305/v2/https://resizing.flixster.com/yEq_lcnIvTQVMT4QNIrpyOfTdXo=/ems.cHJkLWVtcy1hc3NldHMvbW92aWVzL2MyYmY4ZjRkLTc2MjItNDliNy04Y2U3LTA4NDA0YTgxZTc3OS5qcGc=;
land_of_mine;War,History,Drama;https://resizing.flixster.com/amlDaOxcnyFFd45unysMiywo4eE=/206x305/v2/https://resizing.flixster.com/-XZAfHZM39UwaGJIFWKAE8fS0ak=/v3/t/assets/p12150047_p_v8_aq.jpg;
omar;Drama,Mystery&thriller;https://resizing.flixster.com/LCWZecDudt1dWRhTEnFtWCj2J5M=/206x305/v2/https://resizing.flixster.com/-XZAfHZM39UwaGJIFWKAE8fS0ak=/v3/t/assets/p10193743_p_v8_aa.jpg;
weathering_with_you;Drama,Fantasy,Anime;https://resizing.flixster.com/9SaEcvFj1bqsBl5Wt6dZndVRLOQ=/206x305/v2/https://resizing.flixster.com/yqTAtkjptg60RVQTJ4t6NSW5WxI=/ems.cHJkLWVtcy1hc3NldHMvbW92aWVzLzdlNjFmMmU4LTg1NmMtNDc3Ni1iZDljLWNlY2VhZDQ3ODI0Yi53ZWJw;
honeyland;Documentary;https://resizing.flixster.com/_8-53LtixbG3hTsMemd18ISpMIY=/206x305/v2/https://resizing.flixster.com/-XZAfHZM39UwaGJIFWKAE8fS0ak=/v3/t/assets/p16711163_p_v8_af.jpg;
human_flow;Documentary;https://resizing.flixster.com/BnTCEdbs-6JNlGudonW-Znw7SCc=/206x305/v2/https://resizing.flixster.com/G7gZPq6vmRElnKPyU7LXeARm7E4=/ems.cHJkLWVtcy1hc3NldHMvbW92aWVzLzBlMTkyMTY0LWZkOGUtNDRhMC1iYWFiLTY5NGVlYjFkNTVhNi53ZWJw;
footnote;Comedy,Drama;https://resizing.flixster.com/wE4yPVRdQNckHJNGMkoV_ki8t4Y=/206x305/v2/https://resizing.flixster.com/-XZAfHZM39UwaGJIFWKAE8fS0ak=/v3/t/assets/p8833601_p_v8_ab.jpg;
frances_ha;Comedy;https://resizing.flixster.com/9DjCpLMXYbRq4TOW5pbCXM_sMOc=/206x305/v2/https://resizing.flixster.com/-XZAfHZM39UwaGJIFWKAE8fS0ak=/v3/t/assets/p9496948_p_v8_ad.jpg;
sorry_we_missed_you;Drama;https://resizing.flixster.com/xctvmzAf3r2PfaFrM0XnXPPjzAo=/206x305/v2/https://resizing.flixster.com/R4hYGYcLqbg41lItc3zEQSC6VyI=/ems.cHJkLWVtcy1hc3NldHMvbW92aWVzLzg4MmRhNDU2LWMzYTEtNGQyOC1hYTY5LWY5YWVhOTNlZTk0ZS53ZWJw;
force_majeure_2014;Comedy,Drama;https://resizing.flixster.com/pYXRYj7RjbCoh48MjCClg77fESc=/206x305/v2/https://resizing.flixster.com/zhw-nMg1Tqpfxouvi3KwLp4_56I=/ems.cHJkLWVtcy1hc3NldHMvbW92aWVzL2MxNjE4MDhlLTg3ZmItNDZkYi04MDZhLTAyNzgxOGY5MGEzMC53ZWJw;
david_crosby_remember_my_name;Documentary,Music;https://resizing.flixster.com/7UUwHNyoE3wWS98-It_bhzqgZHE=/206x305/v2/https://resizing.flixster.com/rXG1MaluwtG8XCRKcb0Rc8tEphs=/ems.cHJkLWVtcy1hc3NldHMvbW92aWVzLzgwMTcxMzIxLTUwOTUtNGZhYy05NDJmLTIxODgyNjI0YzYwMC53ZWJw;
eighth_grade;Comedy,Drama;https://resizing.flixster.com/tcc7CkJiU_PCNlhNhbF7lncrEMQ=/206x305/v2/https://resizing.flixster.com/-XZAfHZM39UwaGJIFWKAE8fS0ak=/v3/t/assets/p15283866_p_v8_aa.jpg;
the_farewell_2019;Comedy,Drama;https://resizing.flixster.com/GWFg9b9se7zipkkDtuDPRPUkuxU=/206x305/v2/https://resizing.flixster.com/-XZAfHZM39UwaGJIFWKAE8fS0ak=/v3/t/NowShowing/197251/197251_aa.jpg;
diane_2019;Drama;https://resizing.flixster.com/_i1oOZyDk7bpaFgduuSXxkDrxkU=/206x305/v2/https://resizing.flixster.com/eQEcKYBpzZRoqxS4i812cUWVKQQ=/ems.cHJkLWVtcy1hc3NldHMvbW92aWVzL2ZkM2UzZTQ0LTZmZjctNGQ1MC05ODMzLWUxYmY0NzllNDFjZS53ZWJw;
miss_virginia;Drama;https://resizing.flixster.com/-enewyX0SWebWvg0WUwHHJ5XFzo=/206x305/v2/https://resizing.flixster.com/-XZAfHZM39UwaGJIFWKAE8fS0ak=/v3/t/assets/p17332453_p_v8_aa.jpg;
pad_man;Comedy,Drama;https://resizing.flixster.com/kLyoKkYF6CHhiwkepCfr5KEvuKs=/206x305/v2/https://resizing.flixster.com/GmyVvbH2TwVaVJSSuYeulDnoBEs=/ems.cHJkLWVtcy1hc3NldHMvbW92aWVzL2U2NDQ1ZjhiLTg1OGYtNGIwNC05ZTI0LWRhZjhjNDU5ZTZlMi53ZWJw;
dina_2017;Documentary;https://resizing.flixster.com/5qv6IZaxdbHibBdkzEouoQWdrOg=/206x305/v2/https://resizing.flixster.com/-XZAfHZM39UwaGJIFWKAE8fS0ak=/v3/t/assets/p14249799_p_v8_aa.jpg;
fiddler_a_miracle_of_miracles;Documentary,Music;https://resizing.flixster.com/dmIWwbUQZcQmFbQyWt74FhwVopE=/206x305/v2/https://resizing.flixster.com/Dy0EZcBpBxelqFFpIbHl83W-iN0=/ems.cHJkLWVtcy1hc3NldHMvbW92aWVzLzU3NzAzYTlmLTk3MzUtNGExZS05ZTU3LWQ3MDg1ZTdhZTIzNS53ZWJw;
goodbye_christopher_robin;Biography,History,Drama;https://resizing.flixster.com/2aRIPzLHfjvJJWDCr8q98x_-kzE=/206x305/v2/https://resizing.flixster.com/-XZAfHZM39UwaGJIFWKAE8fS0ak=/v3/t/assets/p14131451_p_v8_ab.jpg;
i_am_heath_ledger;Documentary;https://resizing.flixster.com/7Ft1w3x5_LwT9y71SJgnhNJYBbw=/206x305/v2/https://resizing.flixster.com/-XZAfHZM39UwaGJIFWKAE8fS0ak=/v3/t/assets/p14045287_p_v8_aa.jpg;
marianne_and_leonard_words_of_love;Documentary,Music,Biography;https://resizing.flixster.com/-8JGA8sHRy_F2ZgtEp0rTYh_YSs=/206x305/v2/https://resizing.flixster.com/-XZAfHZM39UwaGJIFWKAE8fS0ak=/v3/t/assets/p16790814_p_v8_ad.jpg;
the_midwife_2017;Comedy,Drama;https://resizing.flixster.com/IhG2vxm--S92cwOoJsluD_gOjMQ=/206x305/v2/https://resizing.flixster.com/gDdvaChWyDxrHxhGIe-p9K2qtIA=/ems.cHJkLWVtcy1hc3NldHMvbW92aWVzLzQ3NmNlOTBlLTg2OTQtNDZjNS1hYTk0LTYwYTEyYjNkZGQwNS53ZWJw;
jiro_dreams_of_sushi;Documentary;https://resizing.flixster.com/a4UTlBhQduu4Fmr4hJ40BendtzY=/206x305/v2/https://resizing.flixster.com/-XZAfHZM39UwaGJIFWKAE8fS0ak=/v3/t/assets/p8718756_p_v8_ad.jpg;
the_peanut_butter_falcon;Comedy,Drama,Adventure;https://resizing.flixster.com/cpH5Xl83MSl8tKs7rhHGK0lRQzQ=/206x305/v2/https://resizing.flixster.com/-XZAfHZM39UwaGJIFWKAE8fS0ak=/v3/t/assets/p16950669_p_v8_an.jpg;
good_boys_2019;Comedy;https://resizing.flixster.com/GMGes5rUDvl3aGjtf927IG7DHx8=/206x305/v2/https://resizing.flixster.com/4hqYDbN1tcQ3IOtt1spw4vzimw4=/ems.cHJkLWVtcy1hc3NldHMvbW92aWVzLzQ1OGNmNjc5LTFiNmUtNDJlMC05ODRjLWM2NjRhZGZjNzY2Zi53ZWJw;
creed_ii;Drama,Action;https://resizing.flixster.com/AoJv5llDVXrVLUrpmJ4tzt_3JVo=/206x305/v2/https://resizing.flixster.com/zgqA5-GTLiBGozqR7shsGleCbgg=/ems.cHJkLWVtcy1hc3NldHMvbW92aWVzLzZjNzk4MDEzLWUyN2QtNDQ5MS1hYzhiLWJmNjBlMTgyZDgxOC53ZWJw;
gifted_2017;Drama;https://resizing.flixster.com/qATeYzABG8wJfYQQWb3V1HkcuU8=/206x305/v2/https://resizing.flixster.com/7h2MJk5HTT_BnShhLaKwZerUSRw=/ems.cHJkLWVtcy1hc3NldHMvbW92aWVzLzVhNTdlMDkwLWRjNjUtNDdkMS1iNGYwLTc4ZDE4ODI3YjRlMS53ZWJw;
the_intern;Comedy,Drama;https://resizing.flixster.com/3_kC1sxpLfIgPGEIT8uaZi0Rdw8=/206x305/v2/https://resizing.flixster.com/-XZAfHZM39UwaGJIFWKAE8fS0ak=/v3/t/NowShowing/148432/148432_aa.jpg;
late_night_2019;Comedy,Drama;https://resizing.flixster.com/G1_Mosv9GO5Cm3HUVWQ6eDYFRbc=/206x305/v2/https://resizing.flixster.com/-XZAfHZM39UwaGJIFWKAE8fS0ak=/v3/t/NowShowing/194967/194967_aa.jpg;
st_vincent;Comedy,Drama;https://resizing.flixster.com/tocgS6jeEneh_uEprsB0-1n3vGM=/206x305/v2/https://resizing.flixster.com/-XZAfHZM39UwaGJIFWKAE8fS0ak=/v3/t/assets/p10264358_p_v11_ac.jpg;
megan_leavey;War,Biography,Drama;https://resizing.flixster.com/eydLsqHRY3nMN153JUQ-W_cRrwI=/206x305/v2/https://resizing.flixster.com/-XZAfHZM39UwaGJIFWKAE8fS0ak=/v3/t/assets/p13712899_p_v8_ab.jpg;
the_founder;Biography,History,Drama;https://resizing.flixster.com/bQtj1rju7SrRKC9N34UcW4Xwd3o=/206x305/v2/https://resizing.flixster.com/T4aH51K_0g-k0MDz6R5ndujsZmE=/ems.cHJkLWVtcy1hc3NldHMvbW92aWVzL2RiYjE5MGJjLTA2ZDAtNGYwMy05MDg0LTM0NDM4MjdlZmU5NC53ZWJw;
the_good_lie_2013;Drama;https://resizing.flixster.com/cduRv2vaCOMwPNw7gDWIfe1pIkU=/206x305/v2/https://resizing.flixster.com/-XZAfHZM39UwaGJIFWKAE8fS0ak=/v3/t/assets/p10487679_p_v8_ac.jpg;
the_glass_castle_2017;Biography,Drama;https://resizing.flixster.com/KJUhfPabXLqgaksDpEOwOCSLDRU=/206x305/v2/https://resizing.flixster.com/-XZAfHZM39UwaGJIFWKAE8fS0ak=/v3/t/assets/p14120216_p_v8_ae.jpg;
barbershop_the_next_cut_2016;Comedy;https://resizing.flixster.com/IILWXu5Jtjyvsbbd30em2E3FPOw=/206x305/v2/https://resizing.flixster.com/-XZAfHZM39UwaGJIFWKAE8fS0ak=/v3/t/assets/p12003500_p_v8_ab.jpg;
at_eternitys_gate;Biography,History,Drama;https://resizing.flixster.com/8hu_SfXb_ch7lVuKL_AZiIlbegQ=/206x305/v2/https://resizing.flixster.com/1-9t-6sm-aCXatTN4vNDxYT5wXw=/ems.cHJkLWVtcy1hc3NldHMvbW92aWVzLzdiM2IzOTU1LWY1NzUtNDYxMy04M2FkLTRlNzFmMzBhOGJjNy53ZWJw;
mollys_game;Biography,Drama;https://resizing.flixster.com/rbflyFpabEhUM-PvgFG6OSdBzPM=/206x305/v2/https://resizing.flixster.com/IF6m4gdkxy9pylTiRk0SDrtHWFI=/ems.cHJkLWVtcy1hc3NldHMvbW92aWVzL2EyOWU2MWUwLWIyYjUtNGU5ZC04NTMzLTIxZGI4OTkxOTMzYS53ZWJw;
a_most_wanted_man;Drama,Mystery&thriller;https://resizing.flixster.com/E_m8YQVDtyK4UTwxwEtMefvB_Y4=/206x305/v2/https://resizing.flixster.com/-XZAfHZM39UwaGJIFWKAE8fS0ak=/v3/t/assets/p10644736_p_v8_ae.jpg;
youth_2015;Comedy,Drama;https://resizing.flixster.com/7CQPUosEIVdHfRxarVGOFFpLyVc=/206x305/v2/https://resizing.flixster.com/-XZAfHZM39UwaGJIFWKAE8fS0ak=/v3/t/assets/p11845538_p_v8_ad.jpg;
harriet;Biography,History,Drama;https://resizing.flixster.com/0fj6Zv7FwNyZaBX-JLgLtrrdaLM=/206x305/v2/https://resizing.flixster.com/uEcaUjYOg1borHkznxC7sPCcqxU=/ems.cHJkLWVtcy1hc3NldHMvbW92aWVzLzQ3MGU4MDEwLTRkZTQtNGQyNy04NGE5LWU5ZDU1NDI1ZDYxZS53ZWJw;
the_intouchables;Comedy,Drama;https://resizing.flixster.com/FM1aKwXzrIcRiss_AvCw1oBVyws=/206x305/v2/https://resizing.flixster.com/-XZAfHZM39UwaGJIFWKAE8fS0ak=/v3/t/assets/p9096998_p_v8_bf.jpg;
jojo_rabbit;Comedy,Drama;https://resizing.flixster.com/Fr5VEo_9ttdcLJiJBVPIxFS_qvk=/206x305/v2/https://resizing.flixster.com/Gk3Rsra8pCfIegb-rwk_hQs5Nt4=/ems.cHJkLWVtcy1hc3NldHMvbW92aWVzLzgyNjc5YzczLTAyNmMtNDk5MC1iZDYzLWNmNDg4MjAwMDM2MC53ZWJw;
trainwreck;Romance,Comedy;https://resizing.flixster.com/ggbT1vP4qMvNyG1dWMuI8ZezfSk=/206x305/v2/https://resizing.flixster.com/-XZAfHZM39UwaGJIFWKAE8fS0ak=/v3/t/assets/p11395383_p_v8_at.jpg;
arbitrage;Drama,Mystery&thriller;https://resizing.flixster.com/fL6TRp9i_eZOsxz5yac3pfwtXn0=/206x305/v2/https://resizing.flixster.com/-XZAfHZM39UwaGJIFWKAE8fS0ak=/v3/t/assets/p9005432_p_v12_be.jpg;
the_hate_u_give;Crime,Drama;https://resizing.flixster.com/DY1IXt-12lfQwRPxrr7vIGoNnqs=/206x305/v2/https://resizing.flixster.com/-XZAfHZM39UwaGJIFWKAE8fS0ak=/v3/t/assets/p15456641_p_v8_aa.jpg;
three_billboards_outside_ebbing_missouri;Crime,Drama,Comedy;https://resizing.flixster.com/OdbQLE2SmM7j-7VzllVaqayF4A0=/206x305/v2/https://resizing.flixster.com/-XZAfHZM39UwaGJIFWKAE8fS0ak=/v3/t/NowShowing/172408/172408_aa.jpg;
manchester_by_the_sea;Drama;https://resizing.flixster.com/1VqqEsP9zOamaHKntA_E3aj6x90=/206x305/v2/https://resizing.flixster.com/Md43y6frN-sFNDW6VvaJuCMkSi8=/ems.cHJkLWVtcy1hc3NldHMvbW92aWVzLzVhNDgyZGIwLTRlZTYtNGE4OC1iZTA1LTY0NWQ3ZThjYzc4MS53ZWJw;
miss_sloane;Drama,Mystery&thriller;https://resizing.flixster.com/l_85DLktVYz_as2CcwwhdszVd2s=/206x305/v2/https://resizing.flixster.com/bYMhKep8XGr4F3L8baHTDPkGRsM=/ems.cHJkLWVtcy1hc3NldHMvbW92aWVzLzhiYjY5NGI5LWMxYjUtNDhiZi1hYjgwLWJhY2U4YjNjNTk1MC53ZWJw;
words_on_bathroom_walls;Romance,Drama;https://resizing.flixster.com/vzIIoTPoIumrIAEIaLVrwUhhpGQ=/206x305/v2/https://resizing.flixster.com/7z1ZEVrMnN0Y4Xu0Kb7pvAPvc4w=/ems.cHJkLWVtcy1hc3NldHMvbW92aWVzL2NkZjI4MjcxLWU0YjMtNDU3Ni1hZTc0LWJmZTlhYWY2MGIyZC5qcGc=;
unconditional_2012;Drama;https://resizing.flixster.com/6LZl2H9vPOGVTFa_cHpt4EK6R6Q=/206x305/v2/https://resizing.flixster.com/-XZAfHZM39UwaGJIFWKAE8fS0ak=/v3/t/assets/p9383040_p_v8_ad.jpg;
let_the_sunshine_in;Drama;https://resizing.flixster.com/TVbcb6LR3do5A0cYHaj2mRa5-bQ=/206x305/v2/https://resizing.flixster.com/-XZAfHZM39UwaGJIFWKAE8fS0ak=/v3/t/assets/p14840724_p_v8_ab.jpg;
therese_desqueyroux_2012;Drama;https://resizing.flixster.com/QAcV9YEg4gMWwT7m_SUu1CW5-C4=/206x305/v2/https://resizing.flixster.com/-XZAfHZM39UwaGJIFWKAE8fS0ak=/v3/t/assets/p9598146_p_v8_ad.jpg;
the_hollow;Crime,Drama,Mystery&thriller;https://resizing.flixster.com/JBxIKW_CqoIjqr9Ume0hk7PTPRs=/206x305/v2/https://resizing.flixster.com/3dmVj0Z3d0Y3ZbDhCl3aW9YwZ44=/ems.cHJkLWVtcy1hc3NldHMvbW92aWVzL2U0YWI4MTY0LWNjMGUtNGM1OS05Y2MxLTVjMDJhZGEzYzNlZi53ZWJw;
all_things_must_pass_the_rise_and_fall_of_tower_records;Documentary;https://resizing.flixster.com/Zq7x5ZMIj6gBB-Bc21n92jNx7Q0=/206x305/v2/https://resizing.flixster.com/-XZAfHZM39UwaGJIFWKAE8fS0ak=/v3/t/assets/p11602248_p_v13_aa.jpg;
the_ticket_2017;Drama;https://resizing.flixster.com/WDyKtB6vhvcXT0TV9KNvo84Hr1c=/206x305/v2/https://resizing.flixster.com/-XZAfHZM39UwaGJIFWKAE8fS0ak=/v3/t/assets/p13825571_p_v12_aj.jpg;
human_capital_2019;Drama;https://resizing.flixster.com/sZRoC1no3-BX2MzSO8UFT25Le3E=/206x305/v2/https://resizing.flixster.com/qBDfFO58XZ5G7dPxHH7WJIYQ17A=/ems.cHJkLWVtcy1hc3NldHMvbW92aWVzLzljMWMxOTQ4LWQ0MjMtNDFhOC1iNmVhLTQyYTQyNDE1NjI1Ni53ZWJw;
the_oath;Crime,Drama,Mystery&thriller;https://resizing.flixster.com/lgGTgRrjt5hnMgnbpOrTQbscMSQ=/206x305/v2/https://resizing.flixster.com/QfMsOt6gQQjVZ3LEAUx6TNiRaBM=/ems.cHJkLWVtcy1hc3NldHMvbW92aWVzLzc0N2EzOWRjLWY5YjQtNDAyZi04ZmJkLTA4NTZjYmRmYmMwOC53ZWJw;
nightingale_2015;Drama;https://resizing.flixster.com/RqvbJObQMICSzIGkoyyEFkXMAYY=/206x305/v2/https://resizing.flixster.com/-XZAfHZM39UwaGJIFWKAE8fS0ak=/v3/t/assets/p11458308_p_v8_ab.jpg;
they_call_me_jeeg;Action,Drama,Sci-fi;https://resizing.flixster.com/L7n8II89A_iZjsh7_Z3aZHHr9sM=/206x305/v2/https://resizing.flixster.com/ZFtzuvYChZL9vXK7EDMELbD36mk=/ems.cHJkLWVtcy1hc3NldHMvbW92aWVzL2E4NTZlMjU5LWNhNzItNDA3Zi1iNzVjLTllMWYwMTk3NTdjOC53ZWJw;
ghayal_once_again;Action,Drama;https://resizing.flixster.com/8GunykWgCjpvoQkPNzlusu_WZPI=/206x305/v2/https://resizing.flixster.com/-XZAfHZM39UwaGJIFWKAE8fS0ak=/v3/t/assets/p12555454_p_v8_ab.jpg;
kaabil;Action,Drama,Romance,Mystery&thriller;https://resizing.flixster.com/A2NQiPxf--SDpt_0pRi8zsVh_68=/206x305/v2/https://resizing.flixster.com/-XZAfHZM39UwaGJIFWKAE8fS0ak=/v3/t/assets/p13728886_p_v8_ab.jpg;
mom_2017;Mystery&thriller,Drama;https://resizing.flixster.com/gCQumWrEpyEOLQlI_oT6obA4-B8=/206x305/v2/https://resizing.flixster.com/-XZAfHZM39UwaGJIFWKAE8fS0ak=/v3/t/assets/p14181504_p_v8_aa.jpg;
the_etruscan_smile;Drama;https://resizing.flixster.com/64BdEDB0iDBh4kTaVwkifFNlKX8=/206x305/v2/https://resizing.flixster.com/-XZAfHZM39UwaGJIFWKAE8fS0ak=/v3/t/assets/p15867037_p_v8_ah.jpg;
beautifully_broken;Drama;https://resizing.flixster.com/Z3_sLnBphYjaHzbtCGGWxMev1EE=/206x305/v2/https://resizing.flixster.com/-XZAfHZM39UwaGJIFWKAE8fS0ak=/v3/t/assets/p15408229_p_v8_aa.jpg;
the_vanishing_of_sidney_hall;Mystery&thriller,Drama;https://resizing.flixster.com/7n3jvndaVO2I03sPcJKO7mu48nY=/206x305/v2/https://resizing.flixster.com/-12TxQDtz1jqIOI4HnaZiLcrcwM=/ems.cHJkLWVtcy1hc3NldHMvbW92aWVzL2M4MjYxMTAyLTg3ZGMtNDQwMi05MTQyLWRkZGFiN2U1YjdhOC53ZWJw;
yardie;Crime,Drama;https://resizing.flixster.com/6IIhDcDeAMoKXOBriM3QTWNUVPk=/206x305/v2/https://resizing.flixster.com/1ch_ivtJU6_Mw2UteLPDVQTnWng=/ems.cHJkLWVtcy1hc3NldHMvbW92aWVzLzBlODZkNDM3LTQxZTItNGMyOS1iNGE1LTQxMTA0MTRiNTU1NC53ZWJw;
super_30_2019;Biography,Drama;https://resizing.flixster.com/xi4-UF1VzfARt5qYotwzDwmRbcM=/206x305/v2/https://resizing.flixster.com/-XZAfHZM39UwaGJIFWKAE8fS0ak=/v3/t/assets/p15912804_p_v8_ab.jpg;
urban_hymn;Drama,Music;https://resizing.flixster.com/f-1pFqQa_EZw0_8VkMinW0i9fUQ=/206x305/v2/https://resizing.flixster.com/-XZAfHZM39UwaGJIFWKAE8fS0ak=/v3/t/NowShowing/159741/159741_aa.jpg;
hunter_gatherer;Drama;https://resizing.flixster.com/4lxjbBHVu8FHENULjlLuWnSvEOc=/206x305/v2/https://resizing.flixster.com/Pe68kunnsL1niSn0ui_egWF9Xb4=/ems.cHJkLWVtcy1hc3NldHMvbW92aWVzLzRjY2VjZDg3LTI1ZTYtNGM2YS1hYTA1LWZkNzVlOTAyMGZhMC53ZWJw;
fireworks;Romance,Drama,Anime;https://resizing.flixster.com/C2YPpiGeC0b7oZHunXZB3kY8sbk=/206x305/v2/https://resizing.flixster.com/HdY7NHcUlZJr11FDM6-M3nkBKDo=/ems.cHJkLWVtcy1hc3NldHMvbW92aWVzL2JhZWJiMmIyLWNkZDYtNDQ3NS1hMmU0LTY3MWVkMjM2MTE4MS53ZWJw;
raabta;Romance;https://resizing.flixster.com/mpJwZkhE-QLXfNRBqKbKXM4GVTE=/206x305/v2/https://resizing.flixster.com/-XZAfHZM39UwaGJIFWKAE8fS0ak=/v3/t/assets/p14223720_p_v8_aa.jpg;
dilwale_2015;Romance,Drama;https://resizing.flixster.com/JcfSJz4sHtK6FL0z45two2oNL1c=/206x305/v2/https://resizing.flixster.com/-XZAfHZM39UwaGJIFWKAE8fS0ak=/v3/t/assets/p12397294_p_v8_ac.jpg;
shuddh_desi_romance;Romance,Comedy;https://images.fandango.com/cms/assets/5d84d010-59b1-11ea-b175-791e911be53d--rt-poster-defaultgif.gif;
welcome_back_2015;Comedy,Crime,Drama;https://resizing.flixster.com/cOtbv2Ay8Y2l0Upof8JIY0aT3wU=/206x305/v2/https://resizing.flixster.com/-XZAfHZM39UwaGJIFWKAE8fS0ak=/v3/t/assets/p12069713_p_v8_ab.jpg;
my_king;Drama,Romance;https://resizing.flixster.com/pgER6yqR229ijYen7h-vziDDZHQ=/206x305/v2/https://resizing.flixster.com/-XZAfHZM39UwaGJIFWKAE8fS0ak=/v3/t/assets/p12294951_p_v8_aj.jpg;
coming_home_2014;Drama,Romance;https://resizing.flixster.com/vSuodeYl-YP2qsVkc1rO170hfhk=/206x305/v2/https://resizing.flixster.com/-XZAfHZM39UwaGJIFWKAE8fS0ak=/v3/t/assets/p10822591_p_v8_aa.jpg;
a_ghost_story;Drama,Fantasy,Romance;https://resizing.flixster.com/FJ4oBEoXMYhDwh0MrMZnu_biB-8=/206x305/v2/https://resizing.flixster.com/_OINv3bqm42cnQaJ4acfyN7ZJrI=/ems.cHJkLWVtcy1hc3NldHMvbW92aWVzLzFhYjM4MmNhLTFhOTUtNGQzZC04NjNiLWJkZDBiMmQ1NzA4MC53ZWJw;
the_other_side_of_heaven_2_fire_of_faith;History,Drama,Biography,Adventure;https://resizing.flixster.com/Mgz0C4Gebu4pzb3EXnO_Jsk63rQ=/206x305/v2/https://resizing.flixster.com/-XZAfHZM39UwaGJIFWKAE8fS0ak=/v3/t/NowShowing/191418/191418_aa.jpg;
simran_2017;Crime,Drama,Romance;https://resizing.flixster.com/QKucY1Xg0dzaguU4ay3Kk3ELA18=/206x305/v2/https://resizing.flixster.com/Z3Ivi56bdpWvxIlGGlC0xxtT7tM=/ems.cHJkLWVtcy1hc3NldHMvbW92aWVzLzM4NDg1ZDc0LWVjZjYtNGQ0YS05OTI3LTg3YTViNjNhYjRmYi53ZWJw;
jolly_llb_2;Comedy,Drama;https://resizing.flixster.com/0ZnJhOkbNJDCtW-BD8ZUHWUOn-Y=/206x305/v2/https://resizing.flixster.com/-XZAfHZM39UwaGJIFWKAE8fS0ak=/v3/t/assets/p13684928_p_v8_ab.jpg;
magic_in_the_moonlight;Romance,Comedy;https://resizing.flixster.com/aA5ldFukFuOovftHxNtblgNcXLk=/206x305/v2/https://resizing.flixster.com/-XZAfHZM39UwaGJIFWKAE8fS0ak=/v3/t/assets/p10705097_p_v8_aa.jpg;
spare_parts_2015;Drama;https://resizing.flixster.com/6Jyz9lLxb08gY4mw4yriaSE_z5c=/206x305/v2/https://resizing.flixster.com/-XZAfHZM39UwaGJIFWKAE8fS0ak=/v3/t/assets/p10688390_p_v8_ad.jpg;
3_faces;Drama;https://resizing.flixster.com/k1vyippQtdcHd_Plq0vJ5KjdHC0=/206x305/v2/https://resizing.flixster.com/6Tq-kSHVl4wn2uIV3IXCSktQ7HE=/ems.cHJkLWVtcy1hc3NldHMvbW92aWVzL2Q1NzAzMmU3LTU0ZjctNGE0Yy05MWQ3LWU4MDQ3YjdhM2NkZC53ZWJw;
westwood_punk_icon_activist;Documentary;https://resizing.flixster.com/ZxFPnDKfpbaiRVMyNo_2fXRJXAs=/206x305/v2/https://resizing.flixster.com/-XZAfHZM39UwaGJIFWKAE8fS0ak=/v3/t/assets/p15082689_p_v12_af.jpg;
genesis_20;Documentary;https://resizing.flixster.com/j4qGHZAqUByQHa_V2hjYXBbZyck=/206x305/v2/https://resizing.flixster.com/dWSdp45X3dGdxFlp_06hm3IWom8=/ems.cHJkLWVtcy1hc3NldHMvbW92aWVzL2U1MjFiNWU5LTAzMWEtNDg3OS04MWNmLWEwNGQxNjU5MzBkMi53ZWJw;
kills_on_wheels;Action,Comedy,Drama;https://resizing.flixster.com/5TAEvU000zYPbCfWL1xIBWr7610=/206x305/v2/https://resizing.flixster.com/-XZAfHZM39UwaGJIFWKAE8fS0ak=/v3/t/assets/p13390520_p_v7_aa.jpg;
nancy;Mystery&thriller,Drama;https://resizing.flixster.com/HdtdYVuDAoyQeG18N-uBVQAjX3M=/206x305/v2/https://resizing.flixster.com/rCp48cc22qDIoF_0UX-le-NawLY=/ems.cHJkLWVtcy1hc3NldHMvbW92aWVzLzFhYmU3ZGQzLTcyZDAtNDcwZS1hNTRhLTRiYzczMWYzNGY5Mi53ZWJw;
cocote;Drama;https://resizing.flixster.com/t-CxqWKJeN6U4Ncf-42e4N727Vo=/206x305/v2/https://resizing.flixster.com/-XZAfHZM39UwaGJIFWKAE8fS0ak=/v3/t/assets/p15061071_p_v8_aa.jpg;
lover_for_a_day;Drama;https://resizing.flixster.com/Bs9hyD-_plMMSTqLXYjv_hn7T5E=/206x305/v2/https://resizing.flixster.com/a4N5g3PzGZPqZ-jCte6zFjFyHY4=/ems.cHJkLWVtcy1hc3NldHMvbW92aWVzL2ZlYTQwNWIzLWM3NDktNDQ3ZC05ZmEwLWJhZjMyMzk2MDM3NC53ZWJw;
a_taxi_driver_2017;Action,History,Drama;https://resizing.flixster.com/sMXeul-JWJePEj9dhV-DkonQON4=/206x305/v2/https://resizing.flixster.com/-XZAfHZM39UwaGJIFWKAE8fS0ak=/v3/t/assets/p14336447_p_v12_ae.jpg;
the_cave_2019;Documentary;https://resizing.flixster.com/Jgx7IJSNb3t8PVhlhy2E2TZqy9I=/206x305/v2/https://resizing.flixster.com/aCUyA5mtn5s31QYtAj2G9oDTTfk=/ems.cHJkLWVtcy1hc3NldHMvbW92aWVzL2ExMGU1ODRkLWMzZjItNGUxZC1hOTljLWU5MmFjOTMzZDUzNS53ZWJw;
tims_vermeer_2014;Documentary;https://resizing.flixster.com/-k-iexMjfOfjLChxaXTUcdlpg1Y=/206x305/v2/https://resizing.flixster.com/-XZAfHZM39UwaGJIFWKAE8fS0ak=/v3/t/assets/p10187292_p_v8_ab.jpg;
assassin_33_ad;Sci-fi;https://resizing.flixster.com/_NAqbMm5-UHdw0PwsojcZYHss4s=/206x305/v2/https://resizing.flixster.com/ZnG8OeH51TwCja9kilt80eWYOiI=/ems.cHJkLWVtcy1hc3NldHMvbW92aWVzL2UzNzNkM2IxLWQ4YWEtNDgyNi04N2JjLWQ3YTJmMGU5ZWQ2Ni53ZWJw;
king-lear1971;Drama;https://resizing.flixster.com/MkpIgklKHJMd9BpxWK8B4BGqgvg=/206x305/v2/https://resizing.flixster.com/-XZAfHZM39UwaGJIFWKAE8fS0ak=/v3/t/assets/p10202_p_v8_ab.jpg;
1039728-pressure_point;Drama;https://resizing.flixster.com/tZlJnJ64BiyWDTzQLgSP3ouql98=/206x305/v2/https://resizing.flixster.com/-XZAfHZM39UwaGJIFWKAE8fS0ak=/v3/t/assets/p4267_p_v8_aa.jpg;
the_tale;Drama;https://resizing.flixster.com/KWZ7T_Xw7a9TT8eQzAgXSbBK7Hc=/206x305/v2/https://resizing.flixster.com/-XZAfHZM39UwaGJIFWKAE8fS0ak=/v3/t/assets/p15392341_p_v8_aa.jpg;
mahler;Biography,Drama;https://resizing.flixster.com/qVl6k1X89AkJ58e-vgDiqyMPbMM=/206x305/v2/https://resizing.flixster.com/-XZAfHZM39UwaGJIFWKAE8fS0ak=/v3/t/assets/p16980_p_v8_aa.jpg;
the_brand_new_testament;Comedy,Fantasy;https://resizing.flixster.com/5d4hDgTnYBhrL9ch285Qfyf2f6c=/206x305/v2/https://resizing.flixster.com/smsXvVQLOO1BVEHI5U821902xPc=/ems.cHJkLWVtcy1hc3NldHMvbW92aWVzLzE3ZmRkYzEzLTIyNzgtNDQ3Yy05MDcwLTJiZDc0OThiMWY5MC53ZWJw;
girl_asleep_2016;Comedy,Drama;https://resizing.flixster.com/n--_zj1vmtXRBmVSBpXFCbeVWiQ=/206x305/v2/https://resizing.flixster.com/dGNoatyxujA7sw-pXUDLgcv5Be0=/ems.cHJkLWVtcy1hc3NldHMvbW92aWVzLzhkNjAxNDdlLTg1MWEtNDNkNy1iOGY2LTIwYjJkMzUwOGE0OS53ZWJw;
the_fencer;History,Drama;https://resizing.flixster.com/gNh9z3WFUf1gFkg5oW0QdzkKc0s=/206x305/v2/https://resizing.flixster.com/-XZAfHZM39UwaGJIFWKAE8fS0ak=/v3/t/assets/p12327535_p_v8_ae.jpg;
hannah_arendt;Drama;https://resizing.flixster.com/XpHXO7vhZFTnIKk7VJ5qqLmmIC4=/206x305/v2/https://resizing.flixster.com/-XZAfHZM39UwaGJIFWKAE8fS0ak=/v3/t/assets/p9706660_p_v8_aa.jpg;
little_caesar;Crime,Drama;https://resizing.flixster.com/yt-nogTIGpPKspgCoD-KVDzzH_o=/206x305/v2/https://resizing.flixster.com/-XZAfHZM39UwaGJIFWKAE8fS0ak=/v3/t/assets/p888_p_v8_aa.jpg;
wise_blood;Drama;https://resizing.flixster.com/WVTR3rNfLSIXzvuSK5g8aF0vyjM=/206x305/v2/https://resizing.flixster.com/-XZAfHZM39UwaGJIFWKAE8fS0ak=/v3/t/assets/p8202_p_v8_aa.jpg;
vision_quest_1985;Drama,Romance;https://resizing.flixster.com/hb3bIZ69s3UoDkWfsUhYXO7z8_o=/206x305/v2/https://resizing.flixster.com/-XZAfHZM39UwaGJIFWKAE8fS0ak=/v3/t/assets/p8863_p_v8_aa.jpg;
neerja_2016;Biography,Drama;https://resizing.flixster.com/OS5Ta55JjL6zxZT-X9vmKiugTgs=/206x305/v2/https://resizing.flixster.com/-XZAfHZM39UwaGJIFWKAE8fS0ak=/v3/t/assets/p12447614_p_v8_ab.jpg;
have_a_nice_day;Crime,Drama,Mystery&thriller,Animation;https://resizing.flixster.com/amOZoadHYflLDLQgdVQWhFAdCq8=/206x305/v2/https://resizing.flixster.com/-XZAfHZM39UwaGJIFWKAE8fS0ak=/v3/t/assets/p14641714_p_v7_aa.jpg;
blue_story;Crime,Drama;https://resizing.flixster.com/2DXSM_6je6fLoLegFjjNkK1ree8=/206x305/v2/https://resizing.flixster.com/YQwVenCwjIOsMVa8JgxkEdEjqYc=/ems.cHJkLWVtcy1hc3NldHMvbW92aWVzL2EwZDU1ZmI4LTllMmMtNDA0MC05ODllLTllYTNhYzQ2ZDk2MS53ZWJw;
en_brazos_de_un_asesino;Mystery&thriller,Crime,Drama;https://resizing.flixster.com/l11cRiRMLKejQy7W-o3P2FvbwFs=/206x305/v2/https://resizing.flixster.com/-XZAfHZM39UwaGJIFWKAE8fS0ak=/v3/t/assets/p17332663_p_v8_aa.jpg;
matangimayamia;Documentary,Music;https://resizing.flixster.com/h0Pp7b1pNhVg4xLJgd2sliYXOdE=/206x305/v2/https://resizing.flixster.com/mbVSTYR0NRWh13i5Y0eQO8qrJt0=/ems.cHJkLWVtcy1hc3NldHMvbW92aWVzLzRhYzQ0NDVmLWY5ZWEtNDIyMS04NGM0LWRhZDk4OTUxOGU1Ni53ZWJw;
hal_2018;Documentary,Biography;https://resizing.flixster.com/kiQsMoGLx7shYuJS0EV5yirpW7Y=/206x305/v2/https://resizing.flixster.com/-XZAfHZM39UwaGJIFWKAE8fS0ak=/v3/t/assets/p15082542_p_v8_aa.jpg;
paradise_hills;Mystery&thriller;https://resizing.flixster.com/juI5Xcb8Kq5XG4ENlAKHb4NN2cU=/206x305/v2/https://resizing.flixster.com/-XZAfHZM39UwaGJIFWKAE8fS0ak=/v3/t/assets/p17099827_p_v8_aa.jpg;
bad_reputation_2018;Documentary,Music;https://resizing.flixster.com/tcnFa2LpKBunEkR4HckAzXTZ0SI=/206x305/v2/https://resizing.flixster.com/6OScTAkRpfAfC2WYlwZhMSu9FYQ=/ems.cHJkLWVtcy1hc3NldHMvbW92aWVzL2YzYmM0OWE0LWVlZTgtNDliNC04ZmFkLTQzMmJlMzU1MDRkYi53ZWJw;
my_dead_boyfriend;Romance,Comedy;https://resizing.flixster.com/YD0ZEp7pkj220iC15pndael6DZo=/206x305/v2/https://resizing.flixster.com/-P5_o2FMx4Q472ah4mSrSFNG1s4=/ems.cHJkLWVtcy1hc3NldHMvbW92aWVzL2FjNWFkN2JhLTljZTEtNGVmZS1iNDEyLTdjOTFlMTAxNWQzNi53ZWJw;
girls_of_the_sun;Drama,War;https://resizing.flixster.com/k-U_wJIia2ZkKdmkeVCXgz7tfNw=/206x305/v2/https://resizing.flixster.com/-XZAfHZM39UwaGJIFWKAE8fS0ak=/v3/t/assets/p15526227_p_v8_ah.jpg;
patti_cakes;Drama,Music;https://resizing.flixster.com/nYHGUUibEEZrFNf75ChHFGJ2Rew=/206x305/v2/https://resizing.flixster.com/UO1_HTLo9wJLL07ONX7kwR5V3wk=/ems.cHJkLWVtcy1hc3NldHMvbW92aWVzL2U5YzFlZWQ4LTdjZmMtNDM3Ny05M2RkLTVjYThmMmQ0ZDNlNS53ZWJw;
a_hologram_for_the_king;Comedy,Drama;https://resizing.flixster.com/f2A6u-UFNlL8kr4CvjfucxZ3m2U=/206x305/v2/https://resizing.flixster.com/HksqY7OCTBfTaN32uL9f00NNydQ=/ems.cHJkLWVtcy1hc3NldHMvbW92aWVzLzBkYjU0OTAzLTRmMDMtNDg5OC05NjM2LWQ4YmI3ZWQxNDFkNy53ZWJw;
jupiters_moon;Drama,Sci-fi;https://resizing.flixster.com/HoRyB611F5EpKxAEYxQuh4n8GAM=/206x305/v2/https://resizing.flixster.com/-XZAfHZM39UwaGJIFWKAE8fS0ak=/v3/t/assets/p14550971_p_v8_aa.jpg;
the_burnt_orange_heresy;Mystery&thriller;https://resizing.flixster.com/ntr5lrhoGhhp55j6DSGNlZdA6sE=/206x305/v2/https://resizing.flixster.com/hqsW7YBQdtrQkCqbAxW3ILgOXNw=/ems.cHJkLWVtcy1hc3NldHMvbW92aWVzL2E0OTU0ZmRmLWYwOGItNDQ4NS04N2JkLTMyZDgzMWE2ZjY2Yi53ZWJw;
distorted;Mystery&thriller;https://resizing.flixster.com/k_2aVBFGFLnVqZRGFNdUT8yl3ow=/206x305/v2/https://resizing.flixster.com/9kcn1a_mvT9r0gjmNQnvsaOullk=/ems.cHJkLWVtcy1hc3NldHMvbW92aWVzLzQwNmI2OTcwLTgwZmUtNDIwNi1iYjM1LWIzMmI5NmJmMzQ2MS53ZWJw;
disorder_2016;Mystery&thriller,Drama;https://resizing.flixster.com/hMVIRaeMsNfEXLTpfuLZwO6to_g=/206x305/v2/https://resizing.flixster.com/-XZAfHZM39UwaGJIFWKAE8fS0ak=/v3/t/assets/p12365384_p_v8_ak.jpg;
anomalisa;Comedy,Drama,Animation;https://resizing.flixster.com/hTty-OmpUZVrzDXrdh8JPUs2tsg=/206x305/v2/https://resizing.flixster.com/itif-gzJEA8NozooDdnXXGeaCSI=/ems.cHJkLWVtcy1hc3NldHMvbW92aWVzL2QzOTYyY2I3LTdiZTUtNDU3Mi1hMjU1LTg4YWZjNzExNTkwYi53ZWJw;
the_bling_ring_2013;Crime,Drama,Comedy;https://resizing.flixster.com/S7_OrKEoRkWzWiDs9yudjTEACG8=/206x305/v2/https://resizing.flixster.com/-XZAfHZM39UwaGJIFWKAE8fS0ak=/v3/t/assets/p9814203_p_v8_af.jpg;
girls_trip;Comedy;https://resizing.flixster.com/ysCblZ9qeH40_tHWse78MoOhHRo=/206x305/v2/https://resizing.flixster.com/PodzaMQOSuxdGft4HaiYgF4zVg8=/ems.cHJkLWVtcy1hc3NldHMvbW92aWVzLzVmMzQzMmY4LTJjZTQtNGQ1MC05YWU2LWNjZTUzYmE4OWI3ZS53ZWJw;
mid90s;Comedy,Drama;https://resizing.flixster.com/0m2St0zJIr9hun-4YF0nNIBOgMU=/206x305/v2/https://resizing.flixster.com/bZ4JOyzMNRpjvHZ1YTzc3hRElGQ=/ems.cHJkLWVtcy1hc3NldHMvbW92aWVzLzg3NWJlMWFlLTI3MDctNDFlOC1hMGQ5LTA5ZGI5MTU5ZjliMC53ZWJw;
a_bigger_splash_2016;Mystery&thriller,Drama;https://resizing.flixster.com/mmoLmQxT1toX-6VJZ7JPe35w_MM=/206x305/v2/https://resizing.flixster.com/-XZAfHZM39UwaGJIFWKAE8fS0ak=/v3/t/NowShowing/157388/157388_aa.jpg;
on_chesil_beach;Romance,Drama;https://resizing.flixster.com/uQiXPy081Gd9p1D0LNX7VLQo53A=/206x305/v2/https://resizing.flixster.com/-XZAfHZM39UwaGJIFWKAE8fS0ak=/v3/t/assets/p14754604_p_v8_aa.jpg;
ben_is_back_2018;Drama,Mystery&thriller;https://resizing.flixster.com/wL3w0Atejl70MoqGB5Z9oWJLjM0=/206x305/v2/https://resizing.flixster.com/EXaSWL0bTiOMbRwM66BzSV3qmBc=/ems.cHJkLWVtcy1hc3NldHMvbW92aWVzLzQ1ZTk2YTg4LTFkZjQtNGQyZC1iN2Y1LTY4ZGE0YjY0NTFkNC53ZWJw;
night_moves_2013;Mystery&thriller,Drama;https://resizing.flixster.com/eHGbVSZAFSph60NhNaP-SxVqtMg=/206x305/v2/https://resizing.flixster.com/-XZAfHZM39UwaGJIFWKAE8fS0ak=/v3/t/assets/p10658572_p_v8_aa.jpg;
danny_collins;Comedy,Drama;https://resizing.flixster.com/FPN0x5QDPUmQu08lXTo6z9OvwhU=/206x305/v2/https://resizing.flixster.com/-XZAfHZM39UwaGJIFWKAE8fS0ak=/v3/t/assets/p11286631_p_v8_ab.jpg;
detachment;Drama;https://resizing.flixster.com/-E96bnMMrODQBjB8hVe2fg8COC0=/206x305/v2/https://resizing.flixster.com/-XZAfHZM39UwaGJIFWKAE8fS0ak=/v3/t/assets/p9045141_p_v12_au.jpg;
rosewater;Drama;https://resizing.flixster.com/fbuqmd3WXlvpaO9FaD0g59zdFbo=/206x305/v2/https://resizing.flixster.com/-XZAfHZM39UwaGJIFWKAE8fS0ak=/v3/t/assets/p10784327_p_v12_aa.jpg;
colette_2018;Biography,History,Drama;https://resizing.flixster.com/oa-Rux96oeGlb1eLMkbBLxQaXyM=/206x305/v2/https://resizing.flixster.com/-XZAfHZM39UwaGJIFWKAE8fS0ak=/v3/t/assets/p15731681_p_v8_aa.jpg;
the_hero_2017;Drama;https://resizing.flixster.com/9kJbmiFztW6e7C3iuJVzMUdKT2E=/206x305/v2/https://resizing.flixster.com/570ep7elR9Cy6NINCdvi1lJdbN4=/ems.cHJkLWVtcy1hc3NldHMvbW92aWVzL2Q5NTU1OGJlLTI0NDMtNDJlZS04ZDk5LTc1OTk3Y2ZiZDlmYS53ZWJw;
sound_of_my_voice;Drama;https://resizing.flixster.com/BZEOhjMV_5204H_6NQAf1RR5euA=/206x305/v2/https://resizing.flixster.com/-XZAfHZM39UwaGJIFWKAE8fS0ak=/v3/t/assets/p9049677_p_v8_aa.jpg;
13_minutes;History,Drama,Biography;https://resizing.flixster.com/2gFN0DpepR6Qj23x1UOgUKCk-Ng=/206x305/v2/https://resizing.flixster.com/-XZAfHZM39UwaGJIFWKAE8fS0ak=/v3/t/assets/p11958734_p_v8_ai.jpg;
the_hunter_2012;Drama,Adventure,Mystery&thriller;https://resizing.flixster.com/RqG9xX8tDaW6kR5YnrMvTeh0uG8=/206x305/v2/https://resizing.flixster.com/-XZAfHZM39UwaGJIFWKAE8fS0ak=/v3/t/assets/p9066168_p_v8_ae.jpg;
12_strong;War,Drama;https://resizing.flixster.com/ik9gmQYLsl1IuryBI-kJH3VGa3E=/206x305/v2/https://resizing.flixster.com/-XZAfHZM39UwaGJIFWKAE8fS0ak=/v3/t/assets/p13939256_p_v8_ad.jpg;
the_lobster;Romance,Comedy,Fantasy,Drama,Sci-fi;https://resizing.flixster.com/nU18Q7IxphhjW-s6tkFeuvJNIAk=/206x305/v2/https://resizing.flixster.com/EcwvV7lPov8nqDjWAFzjlr3p_uw=/ems.cHJkLWVtcy1hc3NldHMvbW92aWVzLzM4OTI0NjBlLTRlYTQtNGQzMy05OGEzLTAyODcyYWVmODY2My53ZWJw;
silence_2017;History,Drama;https://resizing.flixster.com/-8oGmXhD-6UE9Ao-aAxFL9L0osQ=/206x305/v2/https://resizing.flixster.com/-XZAfHZM39UwaGJIFWKAE8fS0ak=/v3/t/assets/p12901833_p_v8_ac.jpg;
no_stone_unturned;Documentary;https://resizing.flixster.com/5VtjcCOe8yRso27Ty4e2OzaDZNA=/206x305/v2/https://resizing.flixster.com/y0Q9L7SEpsU2lg7isOd1vzAzSdU=/ems.cHJkLWVtcy1hc3NldHMvbW92aWVzLzYxNzY2ZjUzLTE2N2ItNGQ5ZC05ZGFkLTBlNjk5ZDg1OGYzZC53ZWJw;
fan_2016;Mystery&thriller,Comedy,Drama;https://resizing.flixster.com/QIsmOiUZwT3I8hg-qazi9LmmcsA=/206x305/v2/https://resizing.flixster.com/nCkZRwCqVjnJlxqHtEQhzCVG6RM=/ems.cHJkLWVtcy1hc3NldHMvbW92aWVzL2M1ZjQzMzQwLTI2MmUtNGRkZS04MDM4LWMzYzhhMGUzNGE5NC53ZWJw;
chasing_ice_2012;Documentary,Biography;https://resizing.flixster.com/7pGg_ccPeNTofHUbXFp_LGsrLvE=/206x305/v2/https://resizing.flixster.com/-XZAfHZM39UwaGJIFWKAE8fS0ak=/v3/t/assets/p9027038_p_v8_aa.jpg;
barracuda_2017;Mystery&thriller,Drama;https://resizing.flixster.com/BuMqKIqYdaIovF0cCX5K8yZl774=/206x305/v2/https://resizing.flixster.com/38B-Lxb9yHvApqlo01Ajuetsq-8=/ems.cHJkLWVtcy1hc3NldHMvbW92aWVzL2QwYzM2MTQzLWQ4YzctNDY1Zi1iNjNmLWQwOWRlMzZlMGUwMS53ZWJw;
fashionista;Drama,Mystery&thriller;https://resizing.flixster.com/XJEVGEAEIaHp3RSus0FhvgkNiWY=/206x305/v2/https://resizing.flixster.com/-XZAfHZM39UwaGJIFWKAE8fS0ak=/v3/t/assets/p13287405_p_v8_aa.jpg;
we_steal_secrets_the_story_of_wikileaks_2013;Documentary;https://resizing.flixster.com/I3_YS3iB--oP58SO6aMLDCIIjeE=/206x305/v2/https://resizing.flixster.com/-XZAfHZM39UwaGJIFWKAE8fS0ak=/v3/t/assets/p9718593_p_v8_aa.jpg;
de_rouille_et_dos_2012;Drama,Romance;https://resizing.flixster.com/RuI3MW8ew8zWPfJramLVyDLdp60=/206x305/v2/https://resizing.flixster.com/-XZAfHZM39UwaGJIFWKAE8fS0ak=/v3/t/assets/p9262184_p_v8_ag.jpg;
thank_you_for_your_service_2017;War,Biography,Drama;https://resizing.flixster.com/A3ujkd0UkGrRRbKP5cpintxqPgc=/206x305/v2/https://resizing.flixster.com/OtEaaea_Lmo2qnSGuiU0Hmipz64=/ems.cHJkLWVtcy1hc3NldHMvbW92aWVzLzFjYjQ3OTg0LTBkMmMtNGZiMC04MzFlLWJmN2MzZTdhOTI3ZS53ZWJw;
the_homesman;Western,Drama;https://resizing.flixster.com/VKLJQJZ8lx9YhFY4M-52oRJQJRw=/206x305/v2/https://resizing.flixster.com/-XZAfHZM39UwaGJIFWKAE8fS0ak=/v3/t/assets/p10798908_p_v12_ag.jpg;
journeys_end_2018;War,History,Drama;https://resizing.flixster.com/4afdPhPM6p6MJ2Iv0cFDbuoPywA=/206x305/v2/https://resizing.flixster.com/423uHUc9OSn9GLRnGjRRPCU2zM4=/ems.cHJkLWVtcy1hc3NldHMvbW92aWVzLzA4NDJlZGY5LTFmYjctNGY3ZC05MGJjLWRkYTFjZmYzZmFiMi53ZWJw;
elle_2016;Mystery&thriller,Drama;https://resizing.flixster.com/Ym8-gcsE0Mrho7Jdy9B0oLnomoc=/206x305/v2/https://resizing.flixster.com/-XZAfHZM39UwaGJIFWKAE8fS0ak=/v3/t/assets/p12936381_p_v8_aa.jpg;
the_nightingale_2019;Mystery&thriller,Adventure,Drama;https://resizing.flixster.com/9f9alcbhi99XK9YfXdX6OClIB5A=/206x305/v2/https://resizing.flixster.com/onRz7QQq-gRODc0YPMXsZAHxGJA=/ems.cHJkLWVtcy1hc3NldHMvbW92aWVzL2M3MDcwMWVjLWEzMTYtNDQwNS1hZDg3LWRjN2I0MzQ0YzE1OC53ZWJw;
the_conjuring_2;Horror,Mystery&thriller;https://resizing.flixster.com/QkQg2yadawE6cc83ZjIw3kjMo8c=/206x305/v2/https://resizing.flixster.com/d0rGbr5GoO0VuLDyG4WdCL2LZbs=/ems.cHJkLWVtcy1hc3NldHMvbW92aWVzLzZmOGI0NDk3LTA4NDYtNGYzNi04ZGZlLWRkMzczM2ExMWZjOC53ZWJw;
synchronic;Sci-fi,Mystery&thriller;https://resizing.flixster.com/orhOnYAalUlvpCNCpM2fAwRUSJc=/206x305/v2/https://resizing.flixster.com/8A1apsyjQQwbPa5kMU6mifCgRYk=/ems.cHJkLWVtcy1hc3NldHMvbW92aWVzL2M4Y2Y1MjE4LTAxOGUtNDhhMi1hNDFmLTk1ZTUzNWY5MGI4Mi5qcGc=;
imperium;Mystery&thriller,Crime,Drama;https://resizing.flixster.com/MVBmxdbP_c9Bf410YncTsvGHlsE=/206x305/v2/https://resizing.flixster.com/2awME4TVSXoN32zVu62fsfD3HPU=/ems.cHJkLWVtcy1hc3NldHMvbW92aWVzLzliOTkwNzA3LWJiOGItNDViZC1iZmVmLWFiODAyZTVkNTk5MS53ZWJw;
the_last_full_measure;War,Drama;https://resizing.flixster.com/wNAtJcfLmXPjpsl0JfJtYLQ_vcg=/206x305/v2/https://resizing.flixster.com/2__h0v-wyfAqnY21Vv2D7pK4-x0=/ems.cHJkLWVtcy1hc3NldHMvbW92aWVzLzY0ODY4ZmUyLTM2NmUtNDAwZi04ZTA5LTM1MTMwZjM4YzNlNS53ZWJw;
philomena;Drama,Comedy,Biography;https://resizing.flixster.com/8tbM25IFcK6JISdovgdHI4EoQN8=/206x305/v2/https://resizing.flixster.com/-XZAfHZM39UwaGJIFWKAE8fS0ak=/v3/t/assets/p10197066_p_v8_am.jpg;
american_made_2017;Comedy,Drama,Adventure;https://resizing.flixster.com/go9WZ90UFDHEsVgk3hbRX--dWBM=/206x305/v2/https://resizing.flixster.com/-XZAfHZM39UwaGJIFWKAE8fS0ak=/v3/t/assets/p12985336_p_v8_al.jpg;
top_five;Comedy;https://resizing.flixster.com/QbXKx-E5i-sbFs9-Z3lkjTl1u-8=/206x305/v2/https://resizing.flixster.com/-XZAfHZM39UwaGJIFWKAE8fS0ak=/v3/t/assets/p11068424_p_v12_ah.jpg;
tomorrow_ever_after;Comedy,Sci-fi;https://resizing.flixster.com/gAbSQDoY-vCll29arWtcpbCQ5_k=/206x305/v2/https://resizing.flixster.com/-XZAfHZM39UwaGJIFWKAE8fS0ak=/v3/t/assets/p13949893_p_v7_aa.jpg;
a_monster_calls;Fantasy,Adventure,Drama;https://resizing.flixster.com/y2xHiSyI1Sq5oRyv5CCujXqKxaA=/206x305/v2/https://resizing.flixster.com/tZJoc9Q4ZBXVAue_--DoK4CwefU=/ems.cHJkLWVtcy1hc3NldHMvbW92aWVzLzE5MjIxMDMyLWQ2ZTktNGU0ZC1hY2JkLTgwYmMwMmFjOTk5OC53ZWJw;
robot_and_frank;Comedy,Drama,Sci-fi;https://resizing.flixster.com/tLUnCKfhxtEesnUwIxbvX9HLRGM=/206x305/v2/https://resizing.flixster.com/-XZAfHZM39UwaGJIFWKAE8fS0ak=/v3/t/assets/p9028532_p_v8_ah.jpg;
10_cloverfield_lane;Mystery&thriller;https://resizing.flixster.com/cIelgZriwl7JM-Fs2YO8kWtsZH0=/206x305/v2/https://resizing.flixster.com/-XZAfHZM39UwaGJIFWKAE8fS0ak=/v3/t/NowShowing/158633/158633_aa.jpg;
john_wick_chapter_3_parabellum;Action,Mystery&thriller;https://resizing.flixster.com/ZSRx0Aq6nuO2vxZJERk4WU3EnIY=/206x305/v2/https://resizing.flixster.com/W4TpAGQ8fGpOiZtkt8RXHW0ZvmE=/ems.cHJkLWVtcy1hc3NldHMvbW92aWVzL2U2NGRkMGIzLThiOTgtNDE1Mi1iZGYyLWQ4M2Y4OTg3ZDBkMC53ZWJw;
eye_in_the_sky;Mystery&thriller,War,Drama;https://resizing.flixster.com/5Bn1x3Auf-Tg9CG1iX1dWaSOEHQ=/206x305/v2/https://resizing.flixster.com/-XZAfHZM39UwaGJIFWKAE8fS0ak=/v3/t/assets/p12220690_p_v8_ac.jpg;
everest_2015;Adventure,Drama,Mystery&thriller;https://resizing.flixster.com/4WkcOtkM-tqGGDdXyQpBtF9WFok=/206x305/v2/https://resizing.flixster.com/-XZAfHZM39UwaGJIFWKAE8fS0ak=/v3/t/assets/p11132479_p_v8_ak.jpg;
money_monster;Mystery&thriller,Drama;https://resizing.flixster.com/4LyOHWJDf3x9JI8MSL770VZNKF4=/206x305/v2/https://resizing.flixster.com/-XZAfHZM39UwaGJIFWKAE8fS0ak=/v3/t/assets/p12235824_p_v8_af.jpg;
murder_on_the_orient_express_2017;Mystery&thriller,Crime,Drama;https://resizing.flixster.com/UArWriHzkYpLwjrExNAthYF3nII=/206x305/v2/https://resizing.flixster.com/nH73YxiTWPoVOV8XIuUufQAsbcM=/ems.cHJkLWVtcy1hc3NldHMvbW92aWVzLzdhYzBkZGJkLTJiZWYtNGNiYS04NTYyLTA1MjczMTljZjhiOC53ZWJw;
the_way_back_2020;Drama;https://resizing.flixster.com/fwUpDhTGeS6Xz3SimUSjplgGiv4=/206x305/v2/https://resizing.flixster.com/XXQNcMUXx2Dy5eUVtBd1b3wK3wo=/ems.cHJkLWVtcy1hc3NldHMvbW92aWVzL2FlYjUzOWU3LTYxMjQtNDkxZS1hMmIyLWE4MTRjZDYxMjk0OS53ZWJw;
the_promise_2017;History,Drama,Romance;https://resizing.flixster.com/hef6eWy3QkZd_OmABoluKl35aAY=/206x305/v2/https://resizing.flixster.com/-XZAfHZM39UwaGJIFWKAE8fS0ak=/v3/t/assets/p13603672_p_v8_ai.jpg;
the_lost_city_of_z;Adventure,History,Drama,Biography;https://resizing.flixster.com/Fi4OC3nvMDVIfzZDEQGKhLgJT7s=/206x305/v2/https://resizing.flixster.com/z6B1n2jA2MB2wNQDjZ7Ftqu95Rw=/ems.cHJkLWVtcy1hc3NldHMvbW92aWVzL2JiMzgzM2E3LTE1YWItNGY4MS05MGY3LTEzMTQ2MWNjZmNkYy53ZWJw;
jersey_boys;Musical,Drama,Biography;https://resizing.flixster.com/AUvQ5paf7NG7Vz4dy0XcKHxHL2M=/206x305/v2/https://resizing.flixster.com/-XZAfHZM39UwaGJIFWKAE8fS0ak=/v3/t/assets/p10372574_p_v8_ab.jpg;
only_the_brave_2017;Drama,Adventure;https://resizing.flixster.com/JihUjr9zlZe_6Cv7nptXbPmFZ8U=/206x305/v2/https://resizing.flixster.com/RJFFFr5hJ5jUMTUpR0S5e7XP94s=/ems.cHJkLWVtcy1hc3NldHMvbW92aWVzLzYyMWJhZGQ0LTk2ZTQtNDBkOC1iMDc1LTA4ZjFiZWIzOTE5Ny53ZWJw;
bleed_for_this;Biography,Drama;https://resizing.flixster.com/ibDgKyXk7GZAXaMy6Sbshj5hyyE=/206x305/v2/https://resizing.flixster.com/BdRk3paKp71XptfLXWINuWrC5uk=/ems.cHJkLWVtcy1hc3NldHMvbW92aWVzLzU0ZDNkMTMwLTMyNDUtNDk1NS04MWI3LTQyMWE4MGUzODNhNS53ZWJw;
the_age_of_adaline;Romance,Drama,Fantasy;https://resizing.flixster.com/Ti1kihwxas7chofNL52vikE3Nug=/206x305/v2/https://resizing.flixster.com/-XZAfHZM39UwaGJIFWKAE8fS0ak=/v3/t/assets/p11002256_p_v8_aj.jpg;
giant_little_ones;Drama;https://resizing.flixster.com/BvRRS2XPAobj8MeTOmiReXlCxNk=/206x305/v2/https://resizing.flixster.com/-XZAfHZM39UwaGJIFWKAE8fS0ak=/v3/t/assets/p15946962_p_v8_aa.jpg;
carrie_pilby;Comedy,Drama;https://resizing.flixster.com/Q8UyPnknefBZEA6MiAdYW_igfO8=/206x305/v2/https://resizing.flixster.com/faaVUA9BOBswPCi_jC3Qny535PQ=/ems.cHJkLWVtcy1hc3NldHMvbW92aWVzLzcxZTllMDRhLWY3YzEtNGQyMS1hOGU5LTk2YThjN2FhZGQ5MC53ZWJw;
diplomatie;History,Drama;https://resizing.flixster.com/9fuRkZgnoEuIE-lDfAx1Fg-wJQs=/206x305/v2/https://resizing.flixster.com/-XZAfHZM39UwaGJIFWKAE8fS0ak=/v3/t/assets/p11048186_p_v8_ax.jpg;
beyond_the_hills_2012;Drama;https://resizing.flixster.com/2eAnhe3LUqAteAOboVcboUYsEBo=/206x305/v2/https://resizing.flixster.com/-XZAfHZM39UwaGJIFWKAE8fS0ak=/v3/t/assets/p9497005_p_v8_aa.jpg;
stan_and_ollie;Biography,Comedy,Drama,History;https://resizing.flixster.com/wQH8J7AHe6wao1PsfYXVyScwZtI=/206x305/v2/https://resizing.flixster.com/-XZAfHZM39UwaGJIFWKAE8fS0ak=/v3/t/assets/p16108758_p_v12_aj.jpg;
the_man_who_invented_christmas;Holiday,History,Drama,Biography;https://resizing.flixster.com/MGps0mo7eBBrYpyfq30ISDzv5Ww=/206x305/v2/https://resizing.flixster.com/-XZAfHZM39UwaGJIFWKAE8fS0ak=/v3/t/assets/p14149839_p_v8_aa.jpg;
eddie_the_eagle;Biography,Comedy,Drama;https://resizing.flixster.com/4lTAphZ_1lODRXB_I_pP1dNBkFQ=/206x305/v2/https://resizing.flixster.com/-XZAfHZM39UwaGJIFWKAE8fS0ak=/v3/t/assets/p12239793_p_v8_ac.jpg;
secret_superstar;Drama,Music;https://resizing.flixster.com/bREn911LEIX_w-HFKB4m0No1yJ4=/206x305/v2/https://resizing.flixster.com/-XZAfHZM39UwaGJIFWKAE8fS0ak=/v3/t/assets/p14664464_p_v8_ac.jpg;
if_the_dancer_dances;Documentary;https://resizing.flixster.com/KVgkwQT9eyNFFY9M0lbV5mhas_k=/206x305/v2/https://resizing.flixster.com/-XZAfHZM39UwaGJIFWKAE8fS0ak=/v3/t/NowShowing/187620/187620_aa.jpg;
the_young_and_prodigious_ts_spivet;Adventure,Drama;https://resizing.flixster.com/xRMToh-jndpx7VUNtm3VrhDW5lM=/206x305/v2/https://resizing.flixster.com/-XZAfHZM39UwaGJIFWKAE8fS0ak=/v3/t/assets/p10824861_p_v13_aa.jpg;
sachin_a_billion_dreams;Biography,Drama;https://resizing.flixster.com/dnMreEoZwdvlpUNbcIJgQCtlaA4=/206x305/v2/https://resizing.flixster.com/-XZAfHZM39UwaGJIFWKAE8fS0ak=/v3/t/assets/p14179514_p_v8_ab.jpg;
studio_54;Documentary,Lgbtq+;https://resizing.flixster.com/gNyQak0Wp5VPKuHFEKx9R0kfoMs=/206x305/v2/https://resizing.flixster.com/2kO33VomGl2PHi4bg8xX2GSnvBs=/ems.cHJkLWVtcy1hc3NldHMvbW92aWVzLzM3MTY0MmFmLTUwMzAtNGFkOC1hYjQ1LTI2MDA1OTllN2ExYy53ZWJw;
chapter_and_verse;Drama;https://resizing.flixster.com/_XBC7-RdaH5TA_57dGxwvIoGbjE=/206x305/v2/https://resizing.flixster.com/RXArWt9XXDTqIK_eCB_83ubK2Zg=/ems.cHJkLWVtcy1hc3NldHMvbW92aWVzLzE4MDkxMzQ4LTVmOWYtNDNhNS1iYWEzLTcyZGFmYWM5ZGYyMi53ZWJw;
room_2015;Drama;https://resizing.flixster.com/_2kWuHOboGdiQ4i9FkaSdDtZfLU=/206x305/v2/https://resizing.flixster.com/-XZAfHZM39UwaGJIFWKAE8fS0ak=/v3/t/assets/p12008673_p_v8_ad.jpg;
foxcatcher;Drama,Crime;https://resizing.flixster.com/3pkOTVsp3pt1H5-uvLaO4AbChys=/206x305/v2/https://resizing.flixster.com/-XZAfHZM39UwaGJIFWKAE8fS0ak=/v3/t/assets/p10171609_p_v8_aa.jpg;
rocketman_2019;Musical,Biography,Drama,Lgbtq+;https://resizing.flixster.com/yBlVJ0EKkb3xMX84LcMDmVO_G0I=/206x305/v2/https://resizing.flixster.com/-XZAfHZM39UwaGJIFWKAE8fS0ak=/v3/t/assets/p16058879_p_v8_ab.jpg;
i_daniel_blake;Drama;https://resizing.flixster.com/wWRihdAfGanxfuUXNdKHE2K_v68=/206x305/v2/https://resizing.flixster.com/Yy5KcfT0Q_csjP6drzkIAbuoeS8=/ems.cHJkLWVtcy1hc3NldHMvbW92aWVzLzM3YjZmNWM2LWQxYWQtNDA0Yy04MTljLWJjNjNiOGE5NGYwNi53ZWJw;
roma_2018;Drama;https://resizing.flixster.com/mYg48YqPAq2r9s3-tz1Q8Un_aBA=/206x305/v2/https://resizing.flixster.com/MvoVTcwumpYhVPrgSTDR5MjP4lQ=/ems.cHJkLWVtcy1hc3NldHMvbW92aWVzL2RlZGU3NzUwLWI3ZDAtNGQyZS1iZGNmLTdhOWM2ODc1ZjMwNS53ZWJw;
pride_2014;Comedy,Drama,Lgbtq+;https://resizing.flixster.com/TxdnSYzNMH4ItLnTMgJmhoRa9To=/206x305/v2/https://resizing.flixster.com/-XZAfHZM39UwaGJIFWKAE8fS0ak=/v3/t/assets/p10909401_p_v12_ay.jpg;
a_war;War,Drama;https://resizing.flixster.com/8L1PNbNPCiCxtb-fr7CwnPLBL3k=/206x305/v2/https://resizing.flixster.com/-XZAfHZM39UwaGJIFWKAE8fS0ak=/v3/t/assets/p12388374_p_v8_ae.jpg;
lady_macbeth;History,Drama;https://resizing.flixster.com/R_U3CQWNzXQiePyKM7aTrfQfGXA=/206x305/v2/https://resizing.flixster.com/-XZAfHZM39UwaGJIFWKAE8fS0ak=/v3/t/assets/p13266760_p_v8_ag.jpg;
in_darkness_2011;History,Drama;https://resizing.flixster.com/tH5eDO1YGMsZSrbQmszIRE8AhXg=/206x305/v2/https://resizing.flixster.com/-XZAfHZM39UwaGJIFWKAE8fS0ak=/v3/t/assets/p8936920_p_v8_ab.jpg;
the_way_he_looks;Drama,Romance,Lgbtq+;https://resizing.flixster.com/w7kJK_rpE7bkABiYPjWPoaQd2ag=/206x305/v2/https://resizing.flixster.com/-XZAfHZM39UwaGJIFWKAE8fS0ak=/v3/t/assets/p10784777_p_v7_ab.jpg;
the_handmaiden;Mystery&thriller,Drama,Romance;https://resizing.flixster.com/gUSfkrMK6QDd7kpLQkR6cLcmg7w=/206x305/v2/https://resizing.flixster.com/Ritu1PPES6kedt1O7IhnXrC-rSc=/ems.cHJkLWVtcy1hc3NldHMvbW92aWVzL2NkZTlkYjdiLTg4M2ItNDFkMy1hOWIwLThhNjg4NjNhYzgwNi53ZWJw;
the_hunt_2013;Drama;https://resizing.flixster.com/ZHjg0SeHTXFEI_VEiNpAgvw8PYg=/206x305/v2/https://resizing.flixster.com/-XZAfHZM39UwaGJIFWKAE8fS0ak=/v3/t/assets/p9585817_p_v8_ad.jpg;
capernaum;Drama;https://resizing.flixster.com/1LJq9UNXXZFFbJKpwaI4vV0yzvs=/206x305/v2/https://resizing.flixster.com/0J1LC3SrBsXQSy4nHFRZ5Ouexg8=/ems.cHJkLWVtcy1hc3NldHMvbW92aWVzL2I3YTA2NDlkLThkODQtNGFlNy1hMGIxLWU2YTY5Mjk1NTdiNC53ZWJw;
the_insult;Drama;https://resizing.flixster.com/6fZhqxuf6ZedIGbNbjQoLvrn65Y=/206x305/v2/https://resizing.flixster.com/pc_LquiJmRggGTXYgbkg0u9tEVg=/ems.cHJkLWVtcy1hc3NldHMvbW92aWVzLzg3NGUwYjFmLTA5ZjQtNDYzMi1iNTI3LWY3NzAzZjA5NzM2NS53ZWJw;
moonlight_2016;Drama,Lgbtq+;https://resizing.flixster.com/JKC4UaZHymnUnqPbhWijwXeMaZk=/206x305/v2/https://resizing.flixster.com/HE1uYAymQPCdYxRQ4SQHAOmKE60=/ems.cHJkLWVtcy1hc3NldHMvbW92aWVzLzQ1MTIzMDlhLWJiMWUtNGVhOS05MjFhLTkyMjVmNDkzNDA5Yi53ZWJw;
the_disaster_artist;Comedy,Drama;https://resizing.flixster.com/0HeleHMO4vePAnxuxWz1VxZ2AZY=/206x305/v2/https://resizing.flixster.com/7UC44zxucdojc9r7sK6cQYFuBP0=/ems.cHJkLWVtcy1hc3NldHMvbW92aWVzLzk2NGViYjRkLTE1NGEtNDUwOC1hYzJjLTNiZTgzODllYWRhOS53ZWJw;
like_father_like_son_2013;Drama;https://resizing.flixster.com/IbPHAyrfCx1ss5P9Nnn7WbpnCRc=/206x305/v2/https://resizing.flixster.com/-XZAfHZM39UwaGJIFWKAE8fS0ak=/v3/t/assets/p10193332_p_v8_aa.jpg;
the_distinguished_citizen;Comedy,Drama;https://resizing.flixster.com/ZUpq-7jT1ZmIAYfJE04SKx6Qu1s=/206x305/v2/https://resizing.flixster.com/WNYVP4GP5ZfeEuYVBzUMhJJeDvE=/ems.cHJkLWVtcy1hc3NldHMvbW92aWVzL2Y2YTUxNTY0LWE2OWUtNDM2OC05NjM0LTBlZTJhMzg0OWRkZS53ZWJw;
hasta_la_vista;Comedy,Drama;https://resizing.flixster.com/2KWlkVh36WNo1ZqGBmxPHneFzxI=/206x305/v2/https://resizing.flixster.com/-XZAfHZM39UwaGJIFWKAE8fS0ak=/v3/t/assets/p8868749_p_v8_aq.jpg;
after_love;Drama;https://resizing.flixster.com/NNJkL245lHMIzCWgBh4CuFMvDxg=/206x305/v2/https://resizing.flixster.com/-XZAfHZM39UwaGJIFWKAE8fS0ak=/v3/t/assets/p13469940_p_v8_ay.jpg;
the_wild_pear_tree;Drama;https://resizing.flixster.com/RbZv0TpGlQyCvBk7WTylEd0i1Mk=/206x305/v2/https://resizing.flixster.com/-XZAfHZM39UwaGJIFWKAE8fS0ak=/v3/t/NowShowing/190180/190180_aa.jpg;
the_other_story;Drama;https://resizing.flixster.com/DKw-tJfwfwShuDO5NqfwGR77nIg=/206x305/v2/https://resizing.flixster.com/-XZAfHZM39UwaGJIFWKAE8fS0ak=/v3/t/assets/p16193047_p_v8_aa.jpg;
blue_jay;Drama;https://resizing.flixster.com/AGMD-lNDhRXw3pEoF4oQe7-5zxA=/206x305/v2/https://resizing.flixster.com/pb4PGJqqi_sismaMsg2n19BfkGw=/ems.cHJkLWVtcy1hc3NldHMvbW92aWVzLzUxOGExYWJiLTllMzUtNDc3NC1iY2JiLWE1MTNjOTllOTBjMi53ZWJw;
ash_is_purest_white;Drama,Romance;https://resizing.flixster.com/qhDGKu3y44-r90KMC_RMHieaOtU=/206x305/v2/https://resizing.flixster.com/-XZAfHZM39UwaGJIFWKAE8fS0ak=/v3/t/assets/p16220419_p_v8_aw.jpg;
le_passe;Drama;https://resizing.flixster.com/7v2j5oiTMrbsXPDvEF1ogpeWTlo=/206x305/v2/https://resizing.flixster.com/-XZAfHZM39UwaGJIFWKAE8fS0ak=/v3/t/assets/p10143732_p_v8_ai.jpg;
battle_of_the_sexes;Comedy,Drama;https://resizing.flixster.com/WxihOccUZGbD6JzxJHOeySEwPn4=/206x305/v2/https://resizing.flixster.com/kcLJwwaU1HMV7aIagq6FKUMxcss=/ems.cHJkLWVtcy1hc3NldHMvbW92aWVzL2YzMzA4ZWRmLTA3MzQtNDZkMy05NzViLWY0YzdlZWY1ZjJhYS53ZWJw;
midnight_family;Documentary,Action,Crime,Drama;https://resizing.flixster.com/p307jNTfwaSPwjzbd_2efZXmwvM=/206x305/v2/https://resizing.flixster.com/px57joyPajvsynXBYo6SznROayU=/ems.cHJkLWVtcy1hc3NldHMvbW92aWVzL2JhZTQ4NjE3LTE1MzUtNDUyMC05M2NlLWVjNjM4M2Q1YTk0OS53ZWJw;
a_hijacking;Drama,Mystery&thriller;https://resizing.flixster.com/uTjsqrE9Ov_f2WXx5iTYKYHoctc=/206x305/v2/https://resizing.flixster.com/-XZAfHZM39UwaGJIFWKAE8fS0ak=/v3/t/assets/p9609224_p_v13_av.jpg;
west_of_memphis;Documentary,Crime,Drama;https://resizing.flixster.com/Looz9MnCkNBbOz4C-pG9w70KRsg=/206x305/v2/https://resizing.flixster.com/-XZAfHZM39UwaGJIFWKAE8fS0ak=/v3/t/assets/p9310216_p_v8_ac.jpg;
mommy_2015;Drama;https://resizing.flixster.com/3bx05PqLRuDpubYdSYWgatBt99o=/206x305/v2/https://resizing.flixster.com/-XZAfHZM39UwaGJIFWKAE8fS0ak=/v3/t/assets/p11064399_p_v8_ai.jpg;
bpm;Drama,Lgbtq+;https://resizing.flixster.com/u1dAhctmFJXc43KITWeN13lLch4=/206x305/v2/https://resizing.flixster.com/od2jJDmAZATgSyJQvqsOt7RUoW4=/ems.cHJkLWVtcy1hc3NldHMvbW92aWVzLzBmNGVjNTY3LTY4MDItNDc1NC1iYjExLThkOWY1MTZmZTM2Zi53ZWJw;
embrace_of_the_serpent;Adventure,History,Drama;https://resizing.flixster.com/UbAxeu1UmrAkRTx2CtxdLG_vMdo=/206x305/v2/https://resizing.flixster.com/-XZAfHZM39UwaGJIFWKAE8fS0ak=/v3/t/NowShowing/155316/155316_aa.jpg;
a_pigeon_sat_on_a_branch_reflecting_on_existence;Comedy,Drama;https://resizing.flixster.com/CX077VjpAoVsC-nrnhXYWPCNu_U=/206x305/v2/https://resizing.flixster.com/-XZAfHZM39UwaGJIFWKAE8fS0ak=/v3/t/assets/p11367289_p_v12_ai.jpg;
corpus_christi_2020;Drama;https://resizing.flixster.com/uDapdUei3AmLSpfGFOby7pNqKiE=/206x305/v2/https://resizing.flixster.com/2FQMGPNL7PyunroqIxU245AzIzw=/ems.cHJkLWVtcy1hc3NldHMvbW92aWVzLzE5NTgxODU2LWM5NDEtNDQwMy05YThmLTA1YTYzN2UwMGIwYy53ZWJw;
beasts_of_no_nation;War,Drama;https://resizing.flixster.com/jStVkumUjo8phU-HD2Ot5Ul57uo=/206x305/v2/https://resizing.flixster.com/-XZAfHZM39UwaGJIFWKAE8fS0ak=/v3/t/assets/p11950128_p_v8_aa.jpg;
the_missing_picture;Documentary;https://resizing.flixster.com/XT3GvhHAj01jozseMtAqlwlf2EA=/206x305/v2/https://resizing.flixster.com/-XZAfHZM39UwaGJIFWKAE8fS0ak=/v3/t/assets/p10193470_p_v11_ac.jpg;
going_clear_scientology_and_the_prison_of_belief_2015;Documentary;https://resizing.flixster.com/U4kmLpWJ2pjIcw-99-eRq22I3rQ=/206x305/v2/https://resizing.flixster.com/-XZAfHZM39UwaGJIFWKAE8fS0ak=/v3/t/assets/p11413653_p_v8_aa.jpg;
upstream_color;Drama,Sci-fi;https://resizing.flixster.com/HYC6G8RF-Y-HWVDVrSId3KF08tI=/206x305/v2/https://resizing.flixster.com/-XZAfHZM39UwaGJIFWKAE8fS0ak=/v3/t/assets/p9743913_p_v8_an.jpg;
timbuktu_2015;Drama;https://resizing.flixster.com/rYu8FuhTJRAxTGR0SLvNqho9Lxc=/206x305/v2/https://resizing.flixster.com/-XZAfHZM39UwaGJIFWKAE8fS0ak=/v3/t/assets/p11239407_p_v8_ab.jpg;
tangerines;Drama,War;https://resizing.flixster.com/KQyCNegKaeV-v9C_AV2y1UaYEcY=/206x305/v2/https://resizing.flixster.com/-XZAfHZM39UwaGJIFWKAE8fS0ak=/v3/t/assets/p10750064_p_v8_aa.jpg;
son_of_saul;History,Drama;https://resizing.flixster.com/YeVsqFk_o7hmdQEmO9HKljDVqUo=/206x305/v2/https://resizing.flixster.com/pVRBxwHE9jpGvLzlkAWCf5mQwIc=/ems.cHJkLWVtcy1hc3NldHMvbW92aWVzLzc4YWJhZmM4LTg0MzMtNDdmNS04ZGNiLWE5NWQ3Y2VmZmE4MC53ZWJw;
theeb;Adventure,Drama,Mystery&thriller;https://resizing.flixster.com/UgHTYVyNGO0rMwumoYP7_RcSFco=/206x305/v2/https://resizing.flixster.com/-XZAfHZM39UwaGJIFWKAE8fS0ak=/v3/t/assets/p11459145_p_v8_aa.jpg;
face_in_the_crowd;Drama;https://resizing.flixster.com/c7I7NT0GBkROwudinxmLjzWJjkI=/206x305/v2/https://resizing.flixster.com/-XZAfHZM39UwaGJIFWKAE8fS0ak=/v3/t/assets/p1264_p_v8_aa.jpg;
the_crime_of_monsieur_lange;Comedy,Drama;https://resizing.flixster.com/smjDeCWnurH9Rpx9tussvJ2YLyc=/206x305/v2/https://resizing.flixster.com/NH1RwFMIQhmp8wVZm5t3gdOHOwM=/ems.cHJkLWVtcy1hc3NldHMvbW92aWVzLzVlNGY4M2RlLWQ3NTktNGVhMC04YjZkLTY1NjY3ZWI0YzlhNi53ZWJw;
i_called_him_morgan;Documentary;https://resizing.flixster.com/cvy5sCJSLYui-L6VXzN9V8pxMmM=/206x305/v2/https://resizing.flixster.com/-XZAfHZM39UwaGJIFWKAE8fS0ak=/v3/t/assets/p13639779_p_v8_aa.jpg;
cleo_de_5_a_7;Drama;https://resizing.flixster.com/YIIE_Q0m3a-FyyDS6IHwmwO4Euw=/206x305/v2/https://resizing.flixster.com/-XZAfHZM39UwaGJIFWKAE8fS0ak=/v3/t/assets/p24551_p_v8_aa.jpg;
in_this_corner_of_the_world;History,Drama,War,Anime;https://resizing.flixster.com/M9-oVAx7ghw-zOD_hmbCdELm0iA=/206x305/v2/https://resizing.flixster.com/d8YwWRoUzZgU95TgBGlFfJah2sI=/ems.cHJkLWVtcy1hc3NldHMvbW92aWVzLzdmODNlY2U3LTlkMWItNDRjOS1hMTYwLTk5NTFiMzllYjRmYy53ZWJw;
the_eagle_huntress;Documentary;https://resizing.flixster.com/LNBi51jlomhvtrJVhKWfAa0ejDo=/206x305/v2/https://resizing.flixster.com/-XZAfHZM39UwaGJIFWKAE8fS0ak=/v3/t/assets/p13015494_p_v8_aa.jpg;
kedi_2017;Documentary;https://resizing.flixster.com/okyusejBmVuEp38iKK-e_ZjQjqk=/206x305/v2/https://resizing.flixster.com/-XZAfHZM39UwaGJIFWKAE8fS0ak=/v3/t/assets/p13315846_p_v8_ab.jpg;
the_painter_and_the_thief;Documentary;https://resizing.flixster.com/RIIHM217tnpfOj8SndFJcsz0O2o=/206x305/v2/https://resizing.flixster.com/-XZAfHZM39UwaGJIFWKAE8fS0ak=/v3/t/assets/p18242965_p_v12_ab.jpg;
a_coffee_in_berlin;Comedy,Drama;https://resizing.flixster.com/agS-VwFvCDEvhWP7tIXNTUw5Azk=/206x305/v2/https://resizing.flixster.com/-XZAfHZM39UwaGJIFWKAE8fS0ak=/v3/t/assets/p10255433_p_v8_ab.jpg;
stories_we_tell;Documentary;https://resizing.flixster.com/-hsFxulU3qExK53GXGLsmnJ8kBs=/206x305/v2/https://resizing.flixster.com/-XZAfHZM39UwaGJIFWKAE8fS0ak=/v3/t/assets/p9543954_p_v8_ag.jpg;
standing_up_falling_down;Comedy,Drama;https://resizing.flixster.com/kX4GfqHsLcbxPSjTaZDhURzAWQs=/206x305/v2/https://resizing.flixster.com/9YvdUDSRw6nu58q67UGDhuL223o=/ems.cHJkLWVtcy1hc3NldHMvbW92aWVzLzAzMjEwZTY0LTUxOGMtNGIxMi1iNzlhLWVlMjNiZjM5YTRkNS53ZWJw;
mr_holmes;Mystery&thriller,Drama;https://resizing.flixster.com/S2171BEErpwPzQjxylT-pTVAQkA=/206x305/v2/https://resizing.flixster.com/-XZAfHZM39UwaGJIFWKAE8fS0ak=/v3/t/assets/p11483484_p_v8_ae.jpg;
tanna_2016;Romance,Drama,Adventure;https://resizing.flixster.com/KcKmjjqTaHLi1aVerPUteGQCsfg=/206x305/v2/https://resizing.flixster.com/hmd4xvUP8txMOVoC-idZlawwtRE=/ems.cHJkLWVtcy1hc3NldHMvbW92aWVzLzZmMGM2MmUxLTY3ZGEtNGY1ZC04MGIxLTVkYWMzZmNlNDU5Zi53ZWJw;
columbus_2017;Drama;https://resizing.flixster.com/dfbxu9qteGyOT_uvdFuiX1dmMS8=/206x305/v2/https://resizing.flixster.com/-XZAfHZM39UwaGJIFWKAE8fS0ak=/v3/t/assets/p14133357_p_v8_aa.jpg;
mike_wallace_is_here;Documentary,Biography;https://resizing.flixster.com/r-47eLg_ro2KJUIvYg_czJe_MZk=/206x305/v2/https://resizing.flixster.com/-XZAfHZM39UwaGJIFWKAE8fS0ak=/v3/t/assets/p16870028_p_v8_aa.jpg;
queen_and_slim;Crime,Drama,Romance;https://resizing.flixster.com/9F3KkuHwbVNbU9gJNfm25RQ0alQ=/206x305/v2/https://resizing.flixster.com/7aq6sK__AZe8hAaeXMClevNHClQ=/ems.cHJkLWVtcy1hc3NldHMvbW92aWVzLzFkNDRmMDQ3LWJiYzktNGE3Mi1iYmFiLWUwNWZiNWFiNWZlNy53ZWJw;
burden_2017;Documentary;https://resizing.flixster.com/Tfw6fxUvs6J7qPKlawyRmDj9_n4=/206x305/v2/https://resizing.flixster.com/-XZAfHZM39UwaGJIFWKAE8fS0ak=/v3/t/assets/p13400323_p_v8_ab.jpg;
in_between_2018;Drama;https://resizing.flixster.com/td5M_ORI4uMXzLxKRtzpS6XncYs=/206x305/v2/https://resizing.flixster.com/kPcASMr0xvLy7rS5XCncwwDqcTo=/ems.cHJkLWVtcy1hc3NldHMvbW92aWVzL2U4MzBjMzdjLTVkYmQtNDVmZS1hYmJjLTczOWJmYmJmOWMwNS53ZWJw;
first_love_2019;Crime,Drama,Comedy;https://resizing.flixster.com/l6nzd6GvHgr1mOxAxFrlt-PWkHU=/206x305/v2/https://resizing.flixster.com/Luh434IOjavH_uwrMGFaRix-YDI=/ems.cHJkLWVtcy1hc3NldHMvbW92aWVzLzI1N2I3ZjNjLWJkYzEtNGUwZC04ZDliLTM1NjNhNWE3NTcwZS53ZWJw;
human_capital;Drama;https://resizing.flixster.com/eIapqKg2gTusHTyCz-ThYbDLiwU=/206x305/v2/https://resizing.flixster.com/-XZAfHZM39UwaGJIFWKAE8fS0ak=/v3/t/assets/p10912080_p_v8_af.jpg;
generational_sins;Drama;https://resizing.flixster.com/EzVnrQE1qM5CcwehtZQyzlx6a84=/206x305/v2/https://resizing.flixster.com/-XZAfHZM39UwaGJIFWKAE8fS0ak=/v3/t/assets/p14382660_p_v8_aa.jpg;
imperfections_2017;Comedy,Crime,Drama;https://resizing.flixster.com/SId0rXRrKvxS22dJByy_dA0Fgjc=/206x305/v2/https://resizing.flixster.com/TwTT1AWzOKvf08XVQ3A_Wj126oQ=/ems.cHJkLWVtcy1hc3NldHMvbW92aWVzLzVkZTllMjIxLWU3ZTEtNDcyNi04ZDVhLTAwM2QxZTUzNmRkOC53ZWJw;
unlovable;Comedy,Drama;https://resizing.flixster.com/j6E6yO0KrNKvlGqNJt_23hc5r_w=/206x305/v2/https://resizing.flixster.com/smAjt45u_yMuP9dxMxsXzCRGW0M=/ems.cHJkLWVtcy1hc3NldHMvbW92aWVzL2NiOTgyZDk4LTRhMzctNGNkNS04ZDVjLThkYTRhZGEyODFkYi53ZWJw;
right_now_wrong_then;Drama;https://resizing.flixster.com/heGEQhstJcrjvunoGWxGiSowNa8=/206x305/v2/https://resizing.flixster.com/FP1o9kD-9SnYIKuvHjXKgpwsXNE=/ems.cHJkLWVtcy1hc3NldHMvbW92aWVzL2Y5NDRjZTNiLTMwMWMtNDY4Ny1iZTFjLTFmOTNiZWQ0OTZlMS53ZWJw;
pk;Comedy,Drama,Fantasy;https://resizing.flixster.com/mE3q7QmBgQ3cM5NzqEdRe-kojU0=/206x305/v2/https://resizing.flixster.com/-XZAfHZM39UwaGJIFWKAE8fS0ak=/v3/t/assets/p11290399_p_v8_ad.jpg;
western_stars;Documentary,Music;https://resizing.flixster.com/5irC91EZv4pZB0v4Gldks6Qs1m4=/206x305/v2/https://resizing.flixster.com/11SedPzFIuXhhvuxC7Oy-l_osos=/ems.cHJkLWVtcy1hc3NldHMvbW92aWVzLzgyMTg3ZjNkLTZlNWEtNDZlYy1iYzM2LWJlYjQ2ZDBlYmQ4OC53ZWJw;
clara_2019;Sci-fi,Drama;https://resizing.flixster.com/aor-UNSpyFUFif-tItjbTq-Bc-Y=/206x305/v2/https://resizing.flixster.com/-XZAfHZM39UwaGJIFWKAE8fS0ak=/v3/t/assets/p15907668_p_v8_az.jpg;
disneynature_monkey_kingdom;Documentary;https://resizing.flixster.com/N7aVzdNPR_IECz_Xoq-9cwppQbc=/206x305/v2/https://resizing.flixster.com/-XZAfHZM39UwaGJIFWKAE8fS0ak=/v3/t/assets/p11265304_p_v8_aa.jpg;
seed_the_untold_story;Documentary;https://resizing.flixster.com/x9Uoh6QzJG5-h3-AC6XXvnWrZ44=/206x305/v2/https://resizing.flixster.com/J-JVnFGiFLxe7IIuUo_yTvWHz4I=/ems.cHJkLWVtcy1hc3NldHMvbW92aWVzL2I0MDRkZDI2LTFhZjQtNDU2Yy1hMmM1LTYwOGY1ZWE3NWY0ZS53ZWJw;
a_brilliant_young_mind;Comedy,Drama;https://resizing.flixster.com/C5Z4li8lLrGILHUqxqQfrvp6kLs=/206x305/v2/https://resizing.flixster.com/-XZAfHZM39UwaGJIFWKAE8fS0ak=/v3/t/assets/p11520744_p_v8_ag.jpg;
still_mine;Drama;https://resizing.flixster.com/mCqCbnjyA9pkJ__dcPvrogIebiY=/206x305/v2/https://resizing.flixster.com/-XZAfHZM39UwaGJIFWKAE8fS0ak=/v3/t/assets/p9571890_p_v8_ag.jpg;
a_simple_wedding;Romance,Comedy;https://resizing.flixster.com/wtb8XBuNoGZ3vQZonarZP1gFiL0=/206x305/v2/https://resizing.flixster.com/-XZAfHZM39UwaGJIFWKAE8fS0ak=/v3/t/assets/p16107130_p_v8_aa.jpg;
this_beautiful_fantastic_2017;Comedy,Drama;https://resizing.flixster.com/AqECfePK8j8VjEIRZ0tbvp3_YSg=/206x305/v2/https://resizing.flixster.com/Ugi8IZu2GroPxC4cC6X8WvPAXhg=/ems.cHJkLWVtcy1hc3NldHMvbW92aWVzLzRkMmFlNTFlLWQ0N2EtNDBiYy05YTkwLWZiMTQxYTRiN2E0Yi53ZWJw;
the_rest_of_us;Drama;https://resizing.flixster.com/yAQvShjCnQrILkpzlWMOsd-BlJ8=/206x305/v2/https://resizing.flixster.com/BTfRv8zF1u2og-vS4W7WNp5G0f0=/ems.cHJkLWVtcy1hc3NldHMvbW92aWVzL2E3ZGYwNTkxLWZjNTMtNGQyZC1hMDY3LTY0MzU0ZWQzMjk3OC53ZWJw;
run_the_race;Drama;https://resizing.flixster.com/Wfasepup9rsDWP_IiMd4GhzW_x4=/206x305/v2/https://resizing.flixster.com/-XZAfHZM39UwaGJIFWKAE8fS0ak=/v3/t/assets/p16128755_p_v8_aa.jpg;
madelines_madeline;Drama;https://resizing.flixster.com/y8LuBVONnWiy7KrNvw00I9_EWGQ=/206x305/v2/https://resizing.flixster.com/u6wmoIP_PNGdH5OS9wTgtLWyVLs=/ems.cHJkLWVtcy1hc3NldHMvbW92aWVzL2UwNTIwYTg1LTQ5MWEtNDhlMy05NmI0LTJkZWU0YzE4MzdhNy5qcGc=;
some_freaks;Comedy,Drama,Romance;https://resizing.flixster.com/39PEschbhN-rStuAwxJaQtSZih4=/206x305/v2/https://resizing.flixster.com/-XZAfHZM39UwaGJIFWKAE8fS0ak=/v3/t/assets/p13803042_p_v8_ac.jpg;
hearts_beat_loud;Comedy,Drama,Music;https://resizing.flixster.com/GvslaG5FopHRb0rUz9Ec5_-Um54=/206x305/v2/https://resizing.flixster.com/-XZAfHZM39UwaGJIFWKAE8fS0ak=/v3/t/assets/p15313678_p_v8_ab.jpg;
the_truth_2020;Drama;https://resizing.flixster.com/5vMPsODlboRlYF145D3LLWIYwjY=/206x305/v2/https://resizing.flixster.com/7qB0yPm9nFKuoPUZA034FigAlbU=/ems.cHJkLWVtcy1hc3NldHMvbW92aWVzL2FhNWMyYTg2LTVlOTktNDE0Ni1iYjExLWFmMjU3YjYxYzA5MS53ZWJw;
gabrielle_2013;Drama,Romance;https://resizing.flixster.com/NY9DWhovsAxEeTNz8K1vWhEz6AY=/206x305/v2/https://resizing.flixster.com/-XZAfHZM39UwaGJIFWKAE8fS0ak=/v3/t/assets/p10194221_p_v8_ar.jpg;
love_and_friendship;Comedy;https://resizing.flixster.com/rgxfR3UiIpADbJqSQNKcEcw1JsU=/206x305/v2/https://resizing.flixster.com/-XZAfHZM39UwaGJIFWKAE8fS0ak=/v3/t/assets/p12568357_p_v7_ai.jpg;
this_is_us;Documentary;https://resizing.flixster.com/Qn-Jjs4I_il504Cyq_lMIPMdPxA=/206x305/v2/https://resizing.flixster.com/-XZAfHZM39UwaGJIFWKAE8fS0ak=/v3/t/assets/p9863513_p_v8_ak.jpg;
safety_not_guaranteed;Comedy;https://resizing.flixster.com/sGl1nYFfjuIR5A-zIZtRJg9WSzo=/206x305/v2/https://resizing.flixster.com/-XZAfHZM39UwaGJIFWKAE8fS0ak=/v3/t/assets/p9127377_p_v8_ab.jpg;
blindspotting;Comedy,Drama;https://resizing.flixster.com/BDj7iw7MDkOXujvSIClYIsvnwY8=/206x305/v2/https://resizing.flixster.com/-XZAfHZM39UwaGJIFWKAE8fS0ak=/v3/t/assets/p15153127_p_v8_ab.jpg;
the_biggest_little_farm;Documentary;https://resizing.flixster.com/OYKlWfVoep1Oh-H0Hf1YDLdsKxE=/206x305/v2/https://resizing.flixster.com/-XZAfHZM39UwaGJIFWKAE8fS0ak=/v3/t/assets/p15996893_p_v8_ab.jpg;
blackfish_2013;Documentary;https://resizing.flixster.com/NHEu3M0OObNA_mHSaTPnIu2XB2Q=/206x305/v2/https://resizing.flixster.com/-XZAfHZM39UwaGJIFWKAE8fS0ak=/v3/t/assets/p9718519_p_v8_aa.jpg;
everybody_wants_some;Comedy;https://resizing.flixster.com/1x5nIteU12fC22re4btL34PV3gg=/206x305/v2/https://resizing.flixster.com/-XZAfHZM39UwaGJIFWKAE8fS0ak=/v3/t/assets/p12240306_p_v8_aj.jpg;
popstar_never_stop_never_stopping;Comedy,Music;https://resizing.flixster.com/sgPWtteXDika1uDV7fEqqc19YEM=/206x305/v2/https://resizing.flixster.com/PiKVSIUBx0rc6r2MR7vFQ0WQxXo=/ems.cHJkLWVtcy1hc3NldHMvbW92aWVzLzgxYmYxZTAwLTQ1MTAtNDc4OC05MTZjLTUzYTU5MjBmMjBlYS53ZWJw;
oceans_8;Comedy,Crime,Drama;https://resizing.flixster.com/0BePK_IWcjME21fvqRLWJ98-Op4=/206x305/v2/https://resizing.flixster.com/XmbHMtF_FCIplSDO5gtUNCEGgQc=/ems.cHJkLWVtcy1hc3NldHMvbW92aWVzL2Q1OGU0NDE0LTI3MDUtNGQ0Ni05YmVhLWUyN2JjYTdjZDgxMi53ZWJw;
logan_lucky;Comedy,Crime,Drama;https://resizing.flixster.com/rNljS8u5TXIjKzDguaCEHupJaXU=/206x305/v2/https://resizing.flixster.com/-XZAfHZM39UwaGJIFWKAE8fS0ak=/v3/t/assets/p13844679_p_v8_ad.jpg;
veronica_mars;Crime,Drama,Mystery&thriller;https://resizing.flixster.com/ClDpkj27AmDa_sYEwzQLSsWDHjE=/206x305/v2/https://resizing.flixster.com/-XZAfHZM39UwaGJIFWKAE8fS0ak=/v3/t/assets/p10416760_p_v8_ae.jpg;
the_way_way_back;Comedy,Drama;https://resizing.flixster.com/Y-C8OsdGfjXZlBLiuu9pI2aQvkw=/206x305/v2/https://resizing.flixster.com/F0lFlPr-DGwe2vqWw619K65c4uM=/ems.cHJkLWVtcy1hc3NldHMvbW92aWVzLzNmYTRlMzhjLTNiOWYtNGQzNi04MWJjLWQyZTQyMWY2MmQ0OS5qcGc=;
